id,name,code,mainscore,leader,sidescore,scoretime,starttime,usedpoints,completed,answerlog,count,opentips
41,Hahaha,OwO,0,9817e5f5-bd5c-44c5-89ee-bf45248c59f4,0,,,0,"[0,0,0,0,0,0,0,0,0,0,0,0]","[[],[],[],[],[],[],[],[],[],[],[],[]]","[10,10,10,10,10,10,10,10,10,10,10,10]","[[0,0,0,0],[0,0,0,0,0],[0,0,0,0,0,0,0,0,0],[0,0,0,0,0,0],[0,0,0],[0,0,0,0,0,0,0,0,0],[0,0],[0,0,0,0,0],[0,0,0],[0],[0,0,0,0],[0,0,0,0,0,0,0]]"
44,Âè™ÊúâÈòüÈïø‰∏çÊâìÈõÄ,ccbc1314,3,d2cc1926-76b0-40c4-bbd1-74b606f5248b,1,2025-02-05 15:15:53+00,2025-02-05 13:00:09.998+00,100,"[0,1,1,0,1,0,0,0,0,1,0,0]","[[],[""scale""],[""celltype""],[],[""memorial""],[""diversy""],[],[],[],[""infep"",""infer""],[],[]]","[10,9,9,10,9,9,10,10,10,8,10,10]","[[0,0,0,0],[0,0,0,0,0],[0,0,0,0,0,0,0,0,0],[1,0,0,0,0,0],[0,0,0],[1,0,0,0,0,0,0,0,0],[0,0],[0,0,0,0,0],[0,0,0],[0],[0,0,0,0],[0,0,0,0,0,0,0]]"
45,SOMETHING FISHY,something_fishy,2,2f6ed7fe-30de-45ea-9c91-d23536e3755a,2,2025-02-05 17:01:44.036+00,2025-02-05 15:29:57.522+00,0,"[0,1,1,0,0,0,0,0,1,1,0,0]","[[],[""scale""],[""teletype"",""teledyne"",""teletype"",""celltype""],[],[],[],[],[],[""unique""],[""shape"",""greet"",""infer""],[],[]]","[10,9,6,10,10,10,10,10,9,7,10,10]","[[0,0,0,0],[0,0,0,0,0],[0,0,0,0,0,0,0,0,0],[1,0,0,0,0,0],[0,0,0],[0,0,0,0,0,0,0,0,0],[0,0],[0,0,0,0,0],[0,0,0],[0],[0,0,0,0],[0,0,0,0,0,0,0]]"
46,ustcËß£Ë∞úÂ§ßÈòü,ustc2025,5,362a28ed-e213-4a14-b963-61d56d2ed20c,1,2025-02-05 18:15:09.534+00,2025-02-05 14:31:00.997+00,500,"[0,1,1,1,1,1,0,0,0,1,0,0]","[[],[""scale""],[""teletype"",""teledyne"",""delotypa"",""Celltype""],[""accede""],[""memorial""],[""diverse""],[],[],[""season""],[""great"",""shape"",""grape"",""pnfep"",""ecute"",""infer""],[],[]]","[10,9,6,9,9,9,10,10,9,4,10,10]","[[0,0,0,0],[0,0,0,0,0],[0,0,0,0,0,0,0,0,0],[1,0,1,0,0,1],[0,0,0],[0,1,0,0,0,0,0,0,0],[0,0],[0,0,0,0,0],[0,0,0],[0],[0,0,0,0],[0,0,0,0,0,0,0]]"
47,5roÁöÑÁà∂‰∫≤‰ª¨,fiveroismyson,7,e931d87a-46cd-43de-8bf8-15daf028bc96,1,2025-02-05 15:29:18+00,2025-02-05 13:23:37.115+00,500,"[1,1,1,0,1,1,1,1,0,1,0,0]","[[""plains""],[""scale""],[""teletype"",""genotype"",""telotype"",""cerotype"",""celltype""],[""gazing"",""facade"",""backed"",""bleach"",""hacked"",""cabled""],[""memorial""],[""diverse"",""diverse""],[""testify""],[],[],[""kantan"",""great""],[],[]]","[9,9,5,4,9,8,9,10,10,8,10,10]","[[0,0,0,0],[0,0,0,0,0],[0,0,0,0,0,0,0,0,0],[1,0,1,0,0,1],[0,0,0],[0,1,0,0,0,0,0,0,0],[0,0],[0,0,0,0,0],[0,0,0],[0],[0,0,0,0],[0,0,0,0,0,0,0]]"
48,‰∏çË¶ÅÂÜçÂ••Ê¨ª‰∫Ü,ultra,0,8b66b5c4-4709-4005-8522-6568f5e92071,0,,,0,"[0,0,0,0,0,0,0,0,0,0,0,0]","[[],[],[],[],[],[],[],[],[],[],[],[]]","[10,10,10,10,10,10,10,10,10,10,10,10]","[[0,0,0,0],[0,0,0,0,0],[0,0,0,0,0,0,0,0,0],[0,0,0,0,0,0],[0,0,0],[0,0,0,0,0,0,0,0,0],[0,0],[0,0,0,0,0],[0,0,0],[0],[0,0,0,0],[0,0,0,0,0,0,0]]"
49,Âä±ÂøóÊâìËøáÁ¨¨‰∏ÄÂÖ≥,somewhite,0,3b913a6c-94bf-4d33-b847-70163b17bf13,0,,,0,"[0,0,0,0,0,0,0,0,0,0,0,0]","[[],[],[],[],[],[],[],[],[],[],[],[]]","[10,10,10,10,10,10,10,10,10,10,10,10]","[[0,0,0,0],[0,0,0,0,0],[0,0,0,0,0,0,0,0,0],[0,0,0,0,0,0],[0,0,0],[0,0,0,0,0,0,0,0,0],[0,0],[0,0,0,0,0],[0,0,0],[0],[0,0,0,0],[0,0,0,0,0,0,0]]"
52,ÊàëË¶ÅÂºïÁÅµËõáÂá∫Ê¥û,wyylscd,7,e811b00b-3a9f-45ef-89ab-e36edeb0268c,1,2025-02-05 17:00:53.631+00,2025-02-05 13:03:19.9+00,2850,"[1,1,1,0,1,1,1,1,0,1,0,0]","[[""plains""],[""scale""],[""cell type"",""celltype""],[],[""memoral"",""memorial""],[""noverca"",""diverse""],[""testing"",""testify""],[""forever""],[],[""snipp"",""infap"",""infet"",""infet"",""infer""],[],[]]","[9,9,8,10,8,8,8,9,10,5,10,10]","[[1,1,0,0],[0,0,0,0,0],[0,0,0,0,0,0,0,0,0],[1,1,1,1,1,1],[0,0,0],[0,1,0,0,0,0,0,0,0],[1,0],[0,0,0,0,0],[0,0,0],[0],[0,0,0,0],[0,0,0,0,0,0,0]]"
53,üêçüêçüêçCyFurüêçüêçüêç,cyfur,7,2f7cb65d-acd7-4b23-93d3-9a3a3430fcf2,1,2025-02-05 21:52:06.044+00,2025-02-05 13:26:50.503+00,2450,"[1,1,1,0,1,1,1,1,0,1,0,0]","[[""shaking"",""coherently"",""hacking"",""hasking"",""plains""],[""scale""],[""deployed"",""replayed"",""celltype""],[],[""memorial""],[""america"",""advance"",""divorce"",""divorce"",""licence"",""disease"",""diverse""],[""pygmy"",""testify""],[""love"",""never"",""forever""],[""season"",""remote""],[""infer""],[],[]]","[5,9,7,10,9,3,8,7,8,9,10,10]","[[0,1,0,0],[0,0,0,0,0],[0,0,0,0,0,0,0,0,0],[1,0,0,0,1,1],[0,0,0],[1,0,0,0,0,0,0,0,0],[1,1],[0,0,0,0,0],[0,0,0],[0],[0,0,0,0],[0,0,1,0,0,0,0]]"
57,ÂπºÁ®öÂõ≠ÁöÑÂ∞èÁå´Âí™,114514,4,ca10da2d-315b-4424-ae66-85b76addceae,1,2025-02-05 15:52:11.908+00,2025-02-05 15:36:54.595+00,100,"[0,1,1,0,1,1,0,0,0,1,0,0]","[[],[""SCALE"",""scale""],[""celltype""],[],[""memorial""],[""diverse""],[],[],[],[""shape"",""infer""],[],[]]","[10,8,9,10,9,9,10,10,10,8,10,10]","[[0,0,0,0],[0,0,0,0,0],[0,0,0,0,0,0,0,0,0],[1,0,0,0,0,0],[0,0,0],[0,1,0,0,0,0,0,0,0],[0,0],[0,0,0,0,0],[0,0,0],[0],[0,0,0,0],[0,0,0,0,0,0,0]]"
59,generals.io,MeltedToast,2,74611b27-561a-4626-ae66-a0a1e2cde39d,1,2025-02-05 14:15:32+00,2025-02-05 13:06:09.216+00,50,"[0,1,1,0,0,0,0,0,0,1,0,0]","[[],[""wasd"",""scale""],[""holotype"",""teletype"",""teledyne"",""celltype""],[],[],[],[],[],[],[""sheep"",""sheet"",""infer""],[],[]]","[10,8,6,10,10,10,10,10,10,7,10,10]","[[1,0,0,0],[0,0,0,0,0],[0,0,0,0,0,0,0,0,0],[1,0,0,0,0,0],[0,0,0],[0,0,0,0,0,0,0,0,0],[0,0],[0,0,0,0,0],[0,0,0],[0],[0,0,0,0],[0,0,0,0,0,0,0]]"
60,Team_202,Team_202,3,fbc8e232-6f98-4a04-8960-bba81df37035,1,2025-02-05 17:53:57.231+00,2025-02-05 13:01:24.322+00,200,"[0,1,1,0,1,0,0,0,0,1,0,0]","[[],[""SCALE"",""SCALE"",""scale""],[""celltype""],[],[""memorial""],[],[],[],[],[""infep"",""sheep"",""infer""],[],[]]","[10,7,9,10,9,10,10,10,10,7,10,10]","[[0,0,0,0],[0,0,0,0,0],[0,0,0,0,0,0,0,0,0],[1,0,0,0,0,1],[0,0,0],[0,1,0,0,0,0,0,0,0],[0,0],[0,0,0,0,0],[0,0,0],[0],[0,0,0,0],[0,0,0,0,0,0,0]]"
61,ÂÖîÂ≠êÁªÑ,fuwafuwa,0,7bdcc939-cb34-4a41-808c-8b74bf8deb58,0,,2025-02-05 21:27:33.521+00,60,"[0,0,0,0,0,0,0,0,0,0,0,0]","[[],[],[],[],[],[],[],[],[],[],[],[]]","[10,10,10,10,10,10,10,10,10,10,10,10]","[[1,0,0,0],[1,0,0,0,0],[0,0,0,0,0,0,0,0,0],[0,0,0,0,0,0],[0,0,0],[0,0,0,0,0,0,0,0,0],[0,0],[0,0,0,0,0],[0,0,0],[0],[0,0,0,0],[0,0,0,0,0,0,0]]"
69,Â∏ùÂ≠êÂÖÆ,123456,0,3a67c1db-d621-4b52-a375-fcfcc570715c,0,,,0,"[0,0,0,0,0,0,0,0,0,0,0,0]","[[],[],[],[],[],[],[],[],[],[],[],[]]","[10,10,10,10,10,10,10,10,10,10,10,10]","[[0,0,0,0],[0,0,0,0,0],[0,0,0,0,0,0,0,0,0],[0,0,0,0,0,0],[0,0,0],[0,0,0,0,0,0,0,0,0],[0,0],[0,0,0,0,0],[0,0,0],[0],[0,0,0,0],[0,0,0,0,0,0,0]]"
71,ÂèçÂç∑ÈáëÁâåÁæéÈ£üofficial,zsm,8,63197ada-4220-4abf-ac78-a533b8d2b75d,2,2025-02-05 18:00:48.638+00,2025-02-05 13:12:47.681+00,1460,"[1,1,1,1,1,1,1,1,1,1,0,0]","[[""plains""],[""scale""],[""belasyse"",""cell type"",""telltype"",""cell type"",""teletype"",""celltype""],[""accede""],[""memorial""],[""embassy"",""surreal"",""diverse"",""dilemma""],[""testify""],[""forever""],[""UNIQUE""],[""great"",""snipe"",""infer""],[""calico"",""cabin"",""police"",""cupbin"",""ashbin"",""carbin"",""knife""],[]]","[9,9,4,9,9,6,9,9,9,7,3,10]","[[0,1,0,0],[0,0,0,0,0],[0,0,0,0,0,0,0,0,0],[1,0,0,0,0,1],[0,0,0],[0,1,0,0,0,0,0,0,0],[0,0],[0,0,0,0,0],[0,0,0],[0],[0,0,0,1],[1,1,1,0,0,0,0]]"
72,‰∏ÄÁÇÆÊää‰Ω†ÊâìÂà∞madhouse,helium,3,73631347-1903-4d03-9bd6-9f30ef0684be,1,2025-02-05 17:41:01.871+00,2025-02-05 13:13:30.566+00,250,"[0,1,1,0,1,0,0,0,0,1,0,0]","[["""",""actual"",""tissue"",""sniper""],[""sacle"",""scale""],[""genotype"",""celltype""],[],[""memories"",""memorial""],[""diploma"",""formula"",""formula"",""surface"",""survice"",""portray"",""divorce"",""supreme"",""extreme""],[],[],[""united"",""spiral""],[""great"",""shape"",""sheep"",""grape"",""creep"",""infer""],[],[]]","[6,8,8,10,8,1,10,10,8,4,10,10]","[[1,0,0,0],[0,0,0,0,0],[0,0,0,0,0,0,0,0,0],[1,0,0,0,0,1],[0,0,0],[0,1,0,0,0,0,0,0,0],[0,0],[0,0,0,0,0],[0,0,0],[0],[0,0,0,0],[0,0,0,0,0,0,0]]"
73,‰Ω†Âú®‰∏∫ÈöæÊàëËÉñËôé,panghu,4,d853908a-cbd8-46c8-bc3c-300a82da2ae8,1,2025-02-05 22:02:28.242+00,2025-02-05 14:00:58.41+00,410,"[1,1,1,0,1,0,0,0,0,1,0,0]","[[""plaino"",""plains""],[""scale""],[""teletype"",""celltype""],[],[""memorial""],[],[],[],[],[""infer""],[],[]]","[8,9,8,10,9,10,10,10,10,9,10,10]","[[0,0,0,0],[1,0,0,0,0],[1,0,0,0,0,0,0,0,0],[1,0,0,0,0,0],[0,0,0],[0,1,0,0,0,0,0,0,0],[0,0],[0,0,0,0,0],[0,0,0],[0],[0,0,0,0],[0,0,0,0,0,0,0]]"
75,Ê∏ÖÈÜíÁôΩÊó•Ê¢¶,ÊÅêÈæôÁúüÁöÑÁÅ≠Áªù‰∫ÜÂêó,2,88080b6e-5220-4512-b942-1bff5188d4ac,1,2025-02-05 15:32:13.73+00,2025-02-05 13:20:10.26+00,1250,"[0,1,1,0,0,0,0,0,0,1,0,0]","[[],[""scale""],[""teletype"",""genotype"",""celltype""],[],[],[],[],[],[],[""infpl"",""infer""],[],[]]","[10,9,7,10,10,10,10,10,10,8,10,10]","[[1,1,0,0],[0,0,0,0,0],[1,0,0,0,0,0,0,0,0],[1,0,0,0,0,0],[0,0,0],[0,0,0,0,0,0,0,0,0],[0,0],[0,0,0,0,0],[1,0,0],[1],[0,0,0,0],[0,0,0,0,0,0,0]]"
76,ÁúãÁúãÈ¢ò,123456789,0,0f797904-c0ca-4a44-b1de-9e55c7c39288,0,,,0,"[0,0,0,0,0,0,0,0,0,0,0,0]","[[],[],[],[],[],[],[],[],[],[],[],[]]","[10,10,10,10,10,10,10,10,10,10,10,10]","[[0,0,0,0],[0,0,0,0,0],[0,0,0,0,0,0,0,0,0],[0,0,0,0,0,0],[0,0,0],[0,0,0,0,0,0,0,0,0],[0,0],[0,0,0,0,0],[0,0,0],[0],[0,0,0,0],[0,0,0,0,0,0,0]]"
78,‰∏ÄÈ°∑Âõ≠,yiqingyuan2025,4,ac310a22-5666-4329-b22a-fa562dfded43,0,2025-02-05 14:46:07.716+00,2025-02-05 13:12:19.59+00,160,"[1,1,1,0,1,0,0,0,0,0,0,0]","[[""PLAINS"",""plains""],[""scale""],[""celltype""],[],[""memorial""],[],[],[],[],[""great"",""creep""],[],[]]","[8,9,9,10,9,10,10,10,10,8,10,10]","[[0,0,0,0],[0,0,0,0,0],[0,0,0,0,0,0,0,0,0],[1,0,0,0,0,0],[0,0,0],[0,1,0,0,0,0,0,0,0],[0,0],[0,0,0,0,0],[0,0,0],[0],[0,0,0,0],[1,0,1,0,0,0,0]]"
80,Âá∫È∏°,1478963,7,e20b23f3-cfe3-4eee-a8dd-0c4da284337e,0,2025-02-05 16:35:03.537+00,2025-02-05 13:02:16.568+00,1500,"[1,1,1,0,1,1,1,1,0,0,0,0]","[[""plains""],[""teletype"",""cell type"",""SCALO"",""SCALE"",""scalo"",""scale""],[""teletype"",""cell type"",""celltype""],[""galaxy"",""called"",""degree"",""before"",""battle"",""castle"",""passed""],[""memorial""],[""reverse"",""diverse""],[""testify""],[""forever""],[],[],[],[]]","[9,4,7,3,9,8,9,9,10,10,10,10]","[[0,0,0,0],[0,0,0,0,0],[0,0,0,0,0,0,0,0,0],[1,1,0,1,1,0],[0,0,0],[0,0,0,0,0,0,0,0,0],[0,0],[0,0,0,0,0],[0,0,0],[0],[0,0,0,0],[0,0,0,0,0,0,0]]"
81,ÊúõÁΩëËØæÂ∫∂ÊàëÂèÇËµõ,pixiv,0,d3d9eb24-d776-4535-8604-186d36443185,0,,,0,"[0,0,0,0,0,0,0,0,0,0,0,0]","[[],[],[],[],[],[],[],[],[],[],[],[]]","[10,10,10,10,10,10,10,10,10,10,10,10]","[[0,0,0,0],[0,0,0,0,0],[0,0,0,0,0,0,0,0,0],[0,0,0,0,0,0],[0,0,0],[0,0,0,0,0,0,0,0,0],[0,0],[0,0,0,0,0],[0,0,0],[0],[0,0,0,0],[0,0,0,0,0,0,0]]"
82,233,uijk,0,1f638b0b-acc8-4d42-b071-8760bf604df4,0,,,0,"[0,0,0,0,0,0,0,0,0,0,0,0]","[[],[],[],[],[],[],[],[],[],[],[],[]]","[10,10,10,10,10,10,10,10,10,10,10,10]","[[0,0,0,0],[0,0,0,0,0],[0,0,0,0,0,0,0,0,0],[0,0,0,0,0,0],[0,0,0],[0,0,0,0,0,0,0,0,0],[0,0],[0,0,0,0,0],[0,0,0],[0],[0,0,0,0],[0,0,0,0,0,0,0]]"
89,ÊûÅÈÅìËÄÖ,qq15836315439,0,33e92ab1-3ecc-4845-8aaa-9cb8eda7d5a6,0,,2025-02-05 13:36:21.511+00,0,"[0,0,0,0,0,0,0,0,0,0,0,0]","[[],[],[],[],[],[],[],[],[],[],[],[]]","[10,10,10,10,10,10,10,10,10,10,10,10]","[[0,0,0,0],[0,0,0,0,0],[0,0,0,0,0,0,0,0,0],[0,0,0,0,0,0],[0,0,0],[0,0,0,0,0,0,0,0,0],[0,0],[0,0,0,0,0],[0,0,0],[0],[0,0,0,0],[0,0,0,0,0,0,0]]"
90,üêçüê≥,USAO,6,d89d9b76-4e3d-4599-b8fa-21083836d258,1,2024-12-31 21:24:55.515+00,2025-02-05 13:02:59.384+00,2800,"[1,1,1,0,1,1,0,1,0,1,0,0]","[[""plains""],[""scale""],[""celltype""],[],[""memorial""],[""divorce"",""divorce"",""diverse""],[""sardine"",""sartine"",""tarting"",""tasting"",""tastkuy""],[""forever""],[],[""infer""],[],[]]","[9,9,9,10,9,7,5,9,10,9,10,10]","[[0,0,0,0],[0,0,0,0,0],[0,0,0,0,0,0,0,0,0],[1,0,1,1,1,1],[0,0,0],[0,0,0,0,0,0,0,0,0],[1,1],[0,0,0,0,0],[0,0,0],[0],[0,0,0,0],[0,0,0,0,0,0,0]]"
91,kinderzoo,kzYDDY0205,0,462b1980-8cdd-459c-bb3f-47f87b98ca99,0,,,0,"[0,0,0,0,0,0,0,0,0,0,0,0]","[[],[],[],[],[],[],[],[],[],[],[],[]]","[10,10,10,10,10,10,10,10,10,10,10,10]","[[0,0,0,0],[0,0,0,0,0],[0,0,0,0,0,0,0,0,0],[0,0,0,0,0,0],[0,0,0],[0,0,0,0,0,0,0,0,0],[0,0],[0,0,0,0,0],[0,0,0],[0],[0,0,0,0],[0,0,0,0,0,0,0]]"
93,Êó†ÊàëÁå™Â§¥Â•Ω,276183492,7,010fdb61-7853-43f2-88bd-cfa41ab15d9c,1,2025-02-05 19:25:49.911+00,2025-02-05 13:03:35.943+00,2470,"[1,1,1,0,1,1,1,1,0,1,0,0]","[[""PLAINS"",""plains""],[""wasd"",""scale""],[""teletype"",""celltype""],[""colors"",""starry""],[""memorial""],[""diverse""],[""testify""],[""forever""],[],[""sneep"",""snaep"",""snaep"",""snaer"",""sneep"",""infer""],[],[]]","[8,8,8,8,9,9,9,9,10,4,10,10]","[[0,0,0,0],[1,0,0,0,0],[0,0,0,0,0,0,0,0,0],[1,1,1,1,1,1],[0,0,0],[0,1,0,0,0,0,0,0,0],[0,0],[1,0,0,0,0],[1,0,0],[0],[0,0,0,0],[1,0,1,0,0,0,0]]"
94,Just nutrimatic ‰ΩÜÊòØTigerÊÄé‰πàÊääÈòüÂèãÊêû‰∏¢‰∫ÜÂëúÂëúÂëú,nutri114514,2,02199cc4-e80e-4444-9b5e-6ee46c95a9b7,0,2025-02-05 15:45:29+00,2025-02-05 14:08:39.79+00,300,"[0,1,1,0,0,0,0,0,0,0,0,0]","[[],[""scale""],[""terabyte"",""teletype"",""texttype"",""celltype""],[],[],[],[],[],[],[""great"",""shear"",""sheep"",""sriap"",""sriep""],[],[]]","[10,9,6,10,10,10,10,10,10,5,10,10]","[[0,0,0,0],[0,0,0,0,0],[1,0,0,0,0,0,0,0,0],[1,0,0,0,0,0],[0,0,0],[0,0,0,0,0,0,0,0,0],[0,0],[0,0,0,0,0],[0,0,0],[0],[0,0,0,0],[0,0,0,0,0,0,0]]"
98,ÈÉΩÂèØ‰ª•Âïä,A1Z26,1,bd138db6-3735-4afc-bde8-03919a19beed,0,2025-02-05 16:20:33.156+00,2025-02-05 13:05:55.35+00,550,"[1,0,0,0,0,0,0,0,0,0,0,0]","[[""plains""],[],[],[],[],[],[],[],[],[],[],[]]","[9,10,10,10,10,10,10,10,10,10,10,10]","[[1,1,0,0],[0,0,0,0,0],[0,0,0,0,0,0,0,0,0],[0,0,0,0,0,0],[0,0,0],[0,0,0,0,0,0,0,0,0],[0,0],[0,0,0,0,0],[0,0,0],[0],[0,0,0,0],[0,0,0,0,0,0,0]]"
102,mygygy,mygygy,4,e8109389-7c32-4f21-af68-10338b063c34,1,2025-02-05 15:49:09+00,2025-02-05 13:06:08.261+00,650,"[1,1,1,0,1,0,0,0,1,0,0,0]","[[""plains""],[""scale""],[""teletype"",""celltype""],[],[""memorize"",""memorial""],[],[],[],[""unique""],[""snipe"",""sneer"",""snaer"",""snfep""],[],[]]","[9,9,8,10,8,10,10,10,9,6,10,10]","[[1,1,0,0],[0,0,0,0,0],[0,0,0,0,0,0,0,0,0],[1,0,0,0,0,0],[0,0,0],[0,0,0,0,0,0,0,0,0],[0,0],[0,0,0,0,0],[0,0,0],[1],[0,0,0,0],[0,0,0,0,0,0,0]]"
105,RiddleTT,riddlejoker,6,6ff6791c-c57e-4f97-948d-8242b817e81b,1,2025-02-05 19:29:29.734+00,2025-02-05 13:23:11.45+00,1650,"[1,0,1,0,1,1,1,1,0,1,0,0]","[["""",""plains""],[],[""cell type"",""soiltype"",""celltype""],[""starship"",""spacex"",""starry""],[""together"",""position"",""memorial""],[""diverse""],[""testify""],[""forever""],[],[""sheet"",""great"",""shape"",""sheep"",""sheep"",""sheep"",""infer""],[],[]]","[8,10,7,7,7,9,9,9,10,3,10,10]","[[1,0,0,0],[0,0,0,0,0],[0,0,0,0,0,0,0,0,0],[1,0,1,0,0,0],[0,0,0],[0,1,0,0,0,0,0,0,0],[1,1],[0,0,0,0,0],[0,0,0],[0],[0,0,0,0],[0,0,0,0,0,0,0]]"
107,bswf2371,bswf,0,f91ba199-8c17-42ea-8e85-69588e8fe459,0,,2025-02-05 13:02:23.97+00,2060,"[0,0,0,0,0,0,0,0,0,0,0,0]","[["""",""intet"",""zjc""],[""3119176104""],[],[],[],[],[],[],[],[],[],[]]","[7,9,10,10,10,10,10,10,10,10,10,10]","[[1,1,0,1],[1,0,0,0,0],[0,0,0,0,0,0,0,0,0],[0,0,0,0,0,0],[0,0,0],[0,0,0,0,0,0,0,0,0],[0,0],[0,0,0,0,0],[0,0,0],[0],[0,0,0,0],[0,0,0,0,0,0,0]]"
108,Super Universe??,zhangxishixinyang,3,aed16a88-1baf-48e9-9f41-99e2b0e9cb5d,1,2025-02-05 16:30:02.23+00,2025-02-05 13:39:02.829+00,250,"[0,1,1,0,1,0,0,0,0,1,0,0]","[[],[""scale""],[""celltype""],[],[""memorial""],[],[],[],[],[""infap"",""infep"",""infer""],[],[]]","[10,9,9,10,9,10,10,10,10,7,10,10]","[[1,0,0,0],[0,0,0,0,0],[0,0,0,0,0,0,0,0,0],[1,0,0,0,0,0],[1,0,0],[0,0,0,0,0,0,0,0,0],[0,0],[0,0,0,0,0],[0,0,0],[1],[0,0,0,0],[0,0,0,0,0,0,0]]"
110,‰∏úÊñπË∞úËß£Ë∞≠,zsr22597611,1,ba70d30a-94cd-43bc-ab91-618cd60d9efe,0,2025-02-05 16:59:39.182+00,2025-02-05 13:02:10.131+00,1060,"[1,0,0,0,0,0,0,0,0,0,0,0]","[[""plains""],[],[],[],[],[],[],[],[],[],[],[]]","[9,10,10,10,10,10,10,10,10,10,10,10]","[[1,0,1,0],[1,0,0,0,0],[0,0,0,0,0,0,0,0,0],[0,0,0,0,0,0],[0,0,0],[0,0,0,0,0,0,0,0,0],[0,0],[0,0,0,0,0],[0,0,0],[0],[0,0,0,0],[0,0,0,0,0,0,0]]"
113,Âá†‰∫∫ÂØπ,xtqtxdy,0,6ec7f33f-c3f2-4d80-b3b7-dfca00df37df,0,,2025-02-05 17:19:50.362+00,0,"[0,0,0,0,0,0,0,0,0,0,0,0]","[[],[],[],[],[],[],[],[],[],[],[],[]]","[10,10,10,10,10,10,10,10,10,10,10,10]","[[0,0,0,0],[0,0,0,0,0],[0,0,0,0,0,0,0,0,0],[0,0,0,0,0,0],[0,0,0],[0,0,0,0,0,0,0,0,0],[0,0],[0,0,0,0,0],[0,0,0],[0],[0,0,0,0],[0,0,0,0,0,0,0]]"
114,Ê∑±Ëâ≤Â¢®ÁÇπ,11235813,3,58eb0013-ebfe-4300-a63d-0b4e7fe67ab3,0,2025-02-05 23:16:29.858+00,2025-02-05 13:01:28.49+00,2450,"[1,1,1,0,0,0,0,0,0,0,0,0]","[[""plains""],[""wasd"",""scale""],[""celltype""],[],[],[],[],[],[""culture"",""square"",""islands"",""unusual"",""madison"",""domains"",""visuals"",""visual"",""island""],[""shape"",""grape"",""snape""],[],[]]","[9,8,9,10,10,10,10,10,1,7,10,10]","[[1,1,1,0],[0,0,0,0,0],[1,0,0,0,0,0,0,0,0],[1,1,1,0,0,0],[0,0,0],[0,0,0,0,0,0,0,0,0],[0,0],[0,0,0,0,0],[0,0,0],[0],[0,0,0,0],[0,0,0,0,0,0,0]]"
115,No.1,shaonian88,0,40d9e1f6-6f84-4373-b8dc-c2b9081cf936,0,,,0,"[0,0,0,0,0,0,0,0,0,0,0,0]","[[],[],[],[],[],[],[],[],[],[],[],[]]","[10,10,10,10,10,10,10,10,10,10,10,10]","[[0,0,0,0],[0,0,0,0,0],[0,0,0,0,0,0,0,0,0],[0,0,0,0,0,0],[0,0,0],[0,0,0,0,0,0,0,0,0],[0,0],[0,0,0,0,0],[0,0,0],[0],[0,0,0,0],[0,0,0,0,0,0,0]]"
116,do be do be do,las4one,6,3902670f-583f-428e-97ac-f8cc1a4b9314,1,2025-01-29 10:09:06.617+00,2025-02-05 13:31:17.379+00,1700,"[1,1,1,0,1,1,0,1,0,1,0,0]","[[""plains""],[""scale""],[""teletype"",""teledyne"",""celltype""],[],[""memorial""],[""diverse""],[],[""forever""],[],[""infer""],[],[]]","[9,9,7,10,9,9,10,9,10,9,10,10]","[[0,0,0,0],[0,0,0,0,0],[1,0,0,0,0,0,0,0,0],[1,0,1,0,1,1],[0,0,0],[1,0,0,0,0,0,0,0,0],[1,0],[0,0,0,0,0],[0,0,0],[0],[0,0,0,0],[0,0,0,0,0,0,0]]"
117,Ëôö‰∏éÂßîËõá,NCNCNC,8,f8b9bc01-d42f-4bfd-b07e-0710bce27844,1,2025-02-05 19:43:29.652+00,2025-02-05 13:02:01.628+00,1900,"[1,1,1,1,1,1,1,1,0,1,0,0]","[[""plains""],[""scald"",""scale""],[""teletype"",""celltype""],[""accede""],[""memorial""],[""diverse""],[""spycraft"",""spycases"",""testify""],[""forever""],[],[""snipe"",""snape"",""shape"",""snfer"",""enter"",""great"",""infer""],[],[]]","[9,8,8,9,9,9,7,9,10,3,10,10]","[[0,0,0,0],[0,0,0,0,0],[0,0,0,0,0,0,0,0,0],[1,0,0,0,1,0],[0,0,0],[0,1,0,0,0,0,0,0,0],[1,1],[0,0,0,0,0],[0,0,0],[0],[0,0,0,0],[0,0,0,0,0,0,0]]"
121,furrymine,12345678,0,bad4f56b-10da-4924-9a8a-4230d6a0c728,0,,,0,"[0,0,0,0,0,0,0,0,0,0,0,0]","[[],[],[],[],[],[],[],[],[],[],[],[]]","[10,10,10,10,10,10,10,10,10,10,10,10]","[[0,0,0,0],[0,0,0,0,0],[0,0,0,0,0,0,0,0,0],[0,0,0,0,0,0],[0,0,0],[0,0,0,0,0,0,0,0,0],[0,0],[0,0,0,0,0],[0,0,0],[0],[0,0,0,0],[0,0,0,0,0,0,0]]"
122,ÂïäÂØπÂØπÂØπ,edp2021,0,c05dca61-19cb-4548-bb56-b6a1887a4fe2,0,,,0,"[0,0,0,0,0,0,0,0,0,0,0,0]","[[],[],[],[],[],[],[],[],[],[],[],[]]","[10,10,10,10,10,10,10,10,10,10,10,10]","[[0,0,0,0],[0,0,0,0,0],[0,0,0,0,0,0,0,0,0],[0,0,0,0,0,0],[0,0,0],[0,0,0,0,0,0,0,0,0],[0,0],[0,0,0,0,0],[0,0,0],[0],[0,0,0,0],[0,0,0,0,0,0,0]]"
125,Ëß£Ë∞úÊòüÁêÉÁöÑÊô¥Â§©Â®ÉÂ®ÉÂ±±,20250205,5,7c106a7b-d0d4-40a1-bba1-4db7fa574f4a,1,2025-02-05 15:31:21.918+00,2025-02-05 13:02:25.696+00,700,"[1,1,1,0,1,1,0,0,0,1,0,0]","[[""plains""],[""lanti"",""scale""],[""teletype"",""holotype"",""belasyse"",""belasyse"",""celltype""],[],[""memorial""],[""diverse""],[],[],[],[""infer""],[],[]]","[9,8,5,10,9,9,10,10,10,9,10,10]","[[0,0,0,0],[0,0,0,0,0],[0,0,0,0,0,0,0,0,0],[1,1,1,0,0,1],[0,0,0],[0,0,0,0,0,0,0,0,0],[0,0],[0,0,0,0,0],[0,0,0],[0],[0,0,0,0],[0,0,0,0,0,0,0]]"
127,ËèúÈ∏ü,winwinwinwinwin,0,d6677741-2c3b-4b39-b31d-025c4b86bf32,0,,,0,"[0,0,0,0,0,0,0,0,0,0,0,0]","[[],[],[],[],[],[],[],[],[],[],[],[]]","[10,10,10,10,10,10,10,10,10,10,10,10]","[[0,0,0,0],[0,0,0,0,0],[0,0,0,0,0,0,0,0,0],[0,0,0,0,0,0],[0,0,0],[0,0,0,0,0,0,0,0,0],[0,0],[0,0,0,0,0],[0,0,0],[0],[0,0,0,0],[0,0,0,0,0,0,0]]"
130,DD,hwryuoaeo,0,fedd3910-348b-47c0-9a81-25fea80c72be,0,,,0,"[0,0,0,0,0,0,0,0,0,0,0,0]","[[],[],[],[],[],[],[],[],[],[],[],[]]","[10,10,10,10,10,10,10,10,10,10,10,10]","[[0,0,0,0],[0,0,0,0,0],[0,0,0,0,0,0,0,0,0],[0,0,0,0,0,0],[0,0,0],[0,0,0,0,0,0,0,0,0],[0,0],[0,0,0,0,0],[0,0,0],[0],[0,0,0,0],[0,0,0,0,0,0,0]]"
132,Birdwatcher,D2g89xM6epQC6Xi,0,a885507f-545a-4716-85d4-e3128bd000ca,0,,2025-02-05 13:03:09.007+00,50,"[0,0,0,0,0,0,0,0,0,0,0,0]","[[],[],[],[],[],[],[],[],[],[],[],[]]","[10,10,10,10,10,10,10,10,10,10,10,10]","[[1,0,0,0],[0,0,0,0,0],[0,0,0,0,0,0,0,0,0],[0,0,0,0,0,0],[0,0,0],[0,0,0,0,0,0,0,0,0],[0,0],[0,0,0,0,0],[0,0,0],[0],[0,0,0,0],[0,0,0,0,0,0,0]]"
133,ËõáËõáhuntÊ≤°ÊúâÂ••ÊûóÂåπÊñØÂ±±,letitgo,2,50f40b88-28e2-4225-90cf-522ca0e5528e,0,2025-02-05 16:58:35.208+00,2025-02-05 13:53:12.975+00,750,"[0,1,1,0,0,0,0,0,0,0,0,0]","[[""scale""],[""scale""],[""teletype"",""celltype""],[],[],[],[],[],[],[],[],[]]","[9,9,8,10,10,10,10,10,10,10,10,10]","[[1,0,0,0],[0,0,0,0,0],[1,0,0,0,0,0,0,0,0],[1,1,0,0,0,1],[0,0,0],[0,0,0,0,0,0,0,0,0],[0,0],[0,0,0,0,0],[0,0,0],[0],[0,0,0,0],[0,0,0,0,0,0,0]]"
134,Âú£ÁÅ´Áå´Áå´Êïô,ÂñµÂñµÂñµÂñµ,0,13c54f90-5cee-4eea-af62-98862b831f81,0,,2025-02-05 13:28:39.09+00,1060,"[0,0,0,0,0,0,0,0,0,0,0,0]","[[""cqannw"",""snake""],[""ormok"",""rvtvt"",""orror""],[],[],[],[],[],[],[],[],[],[]]","[8,7,10,10,10,10,10,10,10,10,10,10]","[[1,0,0,0],[1,0,0,0,1],[0,0,0,0,0,0,0,0,0],[0,0,0,0,0,0],[0,0,0],[0,0,0,0,0,0,0,0,0],[0,0],[0,0,0,0,0],[0,0,0],[0],[0,0,0,0],[0,0,0,0,0,0,0]]"
137,Alteleid,00000000,6,95e4cfa4-7858-4fd6-8151-027037b4f2fa,2,2025-02-05 22:13:34+00,2025-02-05 14:49:29.01+00,1800,"[1,1,1,1,1,1,0,0,0,1,0,1]","[[""plains""],[""scaid"",""scale""],[""teletype"",""teledyne"",""velotype"",""tee"",""tty"",""teletype"",""telotype"",""celltype""],[""starry"",""accede""],[""memorial""],[""diverse""],[],[],[],[""cheap"",""infer""],[],[""Âí¨ÊñáÂöºÂ≠ó""]]","[9,8,2,8,9,9,10,10,10,8,10,9]","[[1,1,0,0],[0,0,0,0,0],[1,0,0,0,0,0,0,0,0],[1,0,1,0,0,1],[0,0,0],[0,1,0,0,0,0,0,0,0],[1,0],[1,0,0,0,0],[0,0,0],[0],[0,0,0,0],[0,0,1,0,0,0,0]]"
138,Rexei,phx,4,9f4770c0-53c4-4f26-88e4-db800cdabb93,1,2025-02-05 16:07:37.5+00,2025-02-05 13:23:20.836+00,0,"[0,1,1,0,1,1,0,0,0,1,0,0]","[[""shaking""],[""scale""],[""celltype""],[],[""memorial""],[""diverse""],[],[],[],[""infer""],[],[]]","[9,9,9,10,9,9,10,10,10,9,10,10]","[[0,0,0,0],[0,0,0,0,0],[0,0,0,0,0,0,0,0,0],[1,0,0,0,0,0],[0,0,0],[0,0,0,0,0,0,0,0,0],[0,0],[0,0,0,0,0],[0,0,0],[0],[0,0,0,0],[0,0,0,0,0,0,0]]"
140,ÁéõÂç°Â∑¥Âç°,Gyt081002,0,e054098f-14a6-4994-a646-f56d37b7268d,0,,,0,"[0,0,0,0,0,0,0,0,0,0,0,0]","[[],[],[],[],[],[],[],[],[],[],[],[]]","[10,10,10,10,10,10,10,10,10,10,10,10]","[[0,0,0,0],[0,0,0,0,0],[0,0,0,0,0,0,0,0,0],[0,0,0,0,0,0],[0,0,0],[0,0,0,0,0,0,0,0,0],[0,0],[0,0,0,0,0],[0,0,0],[0],[0,0,0,0],[0,0,0,0,0,0,0]]"
146,Ma Taliban,000000,0,b6cf876d-edb9-4258-87d4-b0a7fda80395,0,,,0,"[0,0,0,0,0,0,0,0,0,0,0,0]","[[],[],[],[],[],[],[],[],[],[],[],[]]","[10,10,10,10,10,10,10,10,10,10,10,10]","[[0,0,0,0],[0,0,0,0,0],[0,0,0,0,0,0,0,0,0],[0,0,0,0,0,0],[0,0,0],[0,0,0,0,0,0,0,0,0],[0,0],[0,0,0,0,0],[0,0,0],[0],[0,0,0,0],[0,0,0,0,0,0,0]]"
148,ÊûóÈªõÁéâ‰∏éËäôËéâËé≤,Ê≤°ÊØõÁóÖ,4,ba71838d-2f8b-42f1-8fd7-1c3dc3f644f1,1,2025-02-05 16:33:09+00,2025-02-05 13:02:53.106+00,600,"[1,1,1,0,0,1,0,0,0,1,0,0]","[[""plaies"",""plains""],[""scale""],[""deployed"",""replayed"",""cerotype"",""cell type"",""celltype""],[],[],[""darksky"",""dornoch"",""divorce"",""divisio"",""diverse""],[],[],[],[""sneap"",""snipe"",""sneer"",""infer""],[],[]]","[8,9,5,10,10,5,10,10,10,6,10,10]","[[0,1,0,0],[0,0,0,0,0],[0,0,0,0,0,0,0,0,0],[1,0,0,0,0,0],[0,0,0],[0,1,0,0,0,0,0,0,0],[0,0],[0,0,0,0,0],[0,0,0],[0],[0,0,0,0],[0,0,0,0,0,0,0]]"
153,ÂÖ®ÂÜõÂÅ∑üêî,touji,7,be9e6840-b80c-442a-8474-3412e851d7af,1,2025-02-05 16:12:40.447+00,2025-02-05 13:02:11.135+00,900,"[1,1,1,0,1,1,1,1,0,1,0,0]","[[""plains""],[""scale""],[""cerotype"",""celltype""],[],[],[""diverse""],[],[""forever""],[],[""infer""],[],[]]","[9,9,8,10,10,9,10,9,10,9,10,10]","[[0,0,0,0],[0,0,0,0,0],[0,0,0,0,0,0,0,0,0],[1,0,0,0,0,0],[0,0,0],[0,0,0,0,0,0,0,0,0],[0,1],[0,0,0,0,0],[0,0,0],[0],[0,0,0,0],[0,0,0,0,0,0,0]]"
159,ÊâßÂâëÂ§©‰∏ã,qzs0217,0,758ad791-ef67-4c3b-a34b-84376d854705,0,,,0,"[0,0,0,0,0,0,0,0,0,0,0,0]","[[],[],[],[],[],[],[],[],[],[],[],[]]","[10,10,10,10,10,10,10,10,10,10,10,10]","[[0,0,0,0],[0,0,0,0,0],[0,0,0,0,0,0,0,0,0],[0,0,0,0,0,0],[0,0,0],[0,0,0,0,0,0,0,0,0],[0,0],[0,0,0,0,0],[0,0,0],[0],[0,0,0,0],[0,0,0,0,0,0,0]]"
163,ÊáíÂæóÂÅö‰∫ÜÈòü,ldzld,0,9bdbf4bf-4cf4-47dd-b5d5-48564c681fbb,0,,,0,"[0,0,0,0,0,0,0,0,0,0,0,0]","[[],[],[],[],[],[],[],[],[],[],[],[]]","[10,10,10,10,10,10,10,10,10,10,10,10]","[[0,0,0,0],[0,0,0,0,0],[0,0,0,0,0,0,0,0,0],[0,0,0,0,0,0],[0,0,0],[0,0,0,0,0,0,0,0,0],[0,0],[0,0,0,0,0],[0,0,0],[0],[0,0,0,0],[0,0,0,0,0,0,0]]"
164,ÊàëÁöÑÈòüÂèãÈÉΩÂ§™Âº∫‰∫ÜÔºÅ,wddydtql6,8,56d5b3e1-8d0e-4148-a536-426d09637d13,1,2025-02-05 21:45:51.898+00,2025-02-05 13:11:26.93+00,2570,"[1,1,1,1,1,1,1,1,0,1,0,0]","[[""sarnoff"",""season"",""plains""],[],[""woodwasp"",""celltype""],[""return"",""acbece"",""133545"",""accede""],[""memorial""],[""divorce"",""stretch"",""etrusca"",""diverse""],[""testify""],[""olive"",""oliver"",""forever""],[],[""infop"",""infer""],[],[""ÁπÅÊñáÁºõËäÇ"",""ÊúõÊñáÁîü‰πâ"",""Â§©ÊñáÂú∞ÁêÜ""]]","[7,10,8,6,9,6,9,7,10,8,10,7]","[[0,0,0,0],[1,0,0,0,0],[0,0,0,0,0,0,0,0,0],[1,1,1,0,1,1],[0,0,0],[0,1,0,0,0,0,0,0,0],[1,0],[0,0,0,0,0],[1,0,0],[1],[1,0,0,0],[1,1,1,0,0,0,0]]"
172,üêü,xixi,0,509f7f8e-1dde-41af-941b-c0e8ff774c7d,0,,2025-02-05 13:52:48.18+00,60,"[0,0,0,0,0,0,0,0,0,0,0,0]","[[],[],[],[],[],[],[],[],[],[],[],[]]","[10,10,10,10,10,10,10,10,10,10,10,10]","[[1,0,0,0],[1,0,0,0,0],[0,0,0,0,0,0,0,0,0],[0,0,0,0,0,0],[0,0,0],[0,0,0,0,0,0,0,0,0],[0,0],[0,0,0,0,0],[0,0,0],[0],[0,0,0,0],[0,0,0,0,0,0,0]]"
176,‚Äî‚Äî‚Äî‚Äî‚Äî‚Äî‚Äî‚Äî‚Äî‚Äî‚Äî‚Äî‚Äî‚ÄîÊëÜÁÉÇÁ∫ø‚Äî‚Äî‚Äî‚Äî‚Äî‚Äî‚Äî‚Äî‚Äî‚Äî‚Äî‚Äî‚Äî‚Äî,sleep,8,ede10090-6a43-46fd-8bca-d91da01aa199,1,2025-02-05 18:54:41.53+00,2025-02-05 13:03:15.87+00,1200,"[1,1,1,1,1,1,1,1,0,1,0,0]","[[""plains""],[""scale""],[""teletype"",""teledyne"",""celltype""],[""accede""],[""memorial""],[""tobacco"",""morocco"",""dialect"",""diction"",""divorce"",""diverse""],[""testify""],[""forever""],[],[""snipe"",""sneer"",""sneap"",""infer""],[],[]]","[9,9,7,9,9,4,9,9,10,6,10,10]","[[0,0,0,0],[0,0,0,0,0],[0,0,0,0,0,0,0,0,0],[1,0,0,0,0,0],[0,0,0],[0,0,0,0,0,0,0,0,0],[1,1],[0,0,0,0,0],[0,0,0],[0],[0,0,0,0],[0,0,0,0,0,0,0]]"
177,Âçï‰∫∫test,drtest,1,bb1b6b36-cc64-4c04-a22a-6c44fd3b6886,0,2025-02-05 14:47:29.025+00,2025-02-05 13:49:35.104+00,1800,"[0,1,0,0,0,0,0,0,0,0,0,0]","[[],[""L0L"",""scale""],[""republic"",""together"",""terrific"",""received"",""relative"",""relation"",""cellular"",""welltree"",""fellowes""],[],[],[],[],[],[],[],[],[]]","[10,8,1,10,10,10,10,10,10,10,10,10]","[[0,0,0,0],[0,0,0,0,0],[1,0,1,1,1,0,0,0,0],[0,0,0,0,0,0],[0,0,0],[0,0,0,0,0,0,0,0,0],[0,0],[0,0,0,0,0],[0,0,0],[0],[0,0,0,0],[0,0,0,0,0,0,0]]"
179,N0_n4m3,Null,0,78023827-45e1-4dcc-a15d-4d6815de73cd,0,,2025-02-05 23:12:01.033+00,0,"[0,0,0,0,0,0,0,0,0,0,0,0]","[[],[],[],[],[],[],[],[],[],[],[],[]]","[10,10,10,10,10,10,10,10,10,10,10,10]","[[0,0,0,0],[0,0,0,0,0],[0,0,0,0,0,0,0,0,0],[0,0,0,0,0,0],[0,0,0],[0,0,0,0,0,0,0,0,0],[0,0],[0,0,0,0,0],[0,0,0],[0],[0,0,0,0],[0,0,0,0,0,0,0]]"
180,ËøôÊòØ‰ªÄ‰πàÔºåÊòØËøôÔºå‰πà‰∏Ä‰∏ã,this is totally a random string,1,49cf2761-210c-4a23-96b0-54719431b94f,0,2025-02-05 15:59:55.789+00,2025-02-05 13:05:33.31+00,0,"[0,1,0,0,0,0,0,0,0,0,0,0]","[[],[""scale""],[],[],[],[],[],[],[],[],[],[]]","[10,9,10,10,10,10,10,10,10,10,10,10]","[[0,0,0,0],[0,0,0,0,0],[0,0,0,0,0,0,0,0,0],[0,0,0,0,0,0],[0,0,0],[0,0,0,0,0,0,0,0,0],[0,0],[0,0,0,0,0],[0,0,0],[0],[0,0,0,0],[0,0,0,0,0,0,0]]"
181,Magestic Xylophone Zone,szb202003,2,d966d01d-e814-4036-842e-bbf41ec432e1,1,2025-02-05 14:47:36+00,2025-02-05 13:07:17.293+00,50,"[0,1,1,0,0,0,0,0,0,1,0,0]","[[],[""SLSE"",""scale"",""scale""],[""celltype""],[],[],[],[],[],[],[""snear"",""infer""],[],[]]","[10,7,9,10,10,10,10,10,10,8,10,10]","[[1,0,0,0],[0,0,0,0,0],[0,0,0,0,0,0,0,0,0],[0,0,0,0,0,0],[0,0,0],[0,0,0,0,0,0,0,0,0],[0,0],[0,0,0,0,0],[0,0,0],[0],[0,0,0,0],[0,0,0,0,0,0,0]]"
182,Celestial <Catellite>,JustBreathe,8,3d425052-5d54-4d11-b241-8526408432d2,2,2025-02-05 18:26:15.43+00,2025-02-05 13:01:56.377+00,1100,"[1,1,1,1,1,1,1,1,1,1,0,0]","[[""plains""],[""scale""],[""catalyze"",""catalyse"",""cerotype"",""celltype""],[""region"",""august"",""bright"",""decade"",""gemini"",""decide"",""accede""],[""memorial""],[""artists"",""surface"",""service"",""perfect"",""tornado"",""toronto"",""disease"",""diverse""],[""testify""],[""forever""],[""unique""],[""uncap"",""ineap"",""inear"",""infer""],[],[]]","[9,9,6,3,9,2,9,9,9,6,10,10]","[[0,0,0,0],[0,0,0,0,0],[0,0,0,0,0,0,0,0,0],[1,1,1,0,0,1],[0,0,0],[0,1,0,0,0,0,0,0,0],[1,0],[0,0,0,0,0],[0,0,0],[0],[0,0,0,0],[0,0,0,0,0,0,0]]"
184,Êâç‰∏çÊòØÊüöÂ≠êÂé®,Yzh,0,a69dcd4c-4264-4e7a-aebc-03897cad88fd,0,,,0,"[0,0,0,0,0,0,0,0,0,0,0,0]","[[],[],[],[],[],[],[],[],[],[],[],[]]","[10,10,10,10,10,10,10,10,10,10,10,10]","[[0,0,0,0],[0,0,0,0,0],[0,0,0,0,0,0,0,0,0],[0,0,0,0,0,0],[0,0,0],[0,0,0,0,0,0,0,0,0],[0,0],[0,0,0,0,0],[0,0,0],[0],[0,0,0,0],[0,0,0,0,0,0,0]]"
187,4s,kong,8,dc660cf0-7845-42df-ace3-3ed920a3d96b,2,2025-02-05 16:57:01.748+00,2025-02-05 13:01:33.577+00,2600,"[1,1,1,1,1,1,1,1,1,1,0,0]","[[""plains""],[""scald"",""scale""],[""relative"",""relation"",""relating"",""telltale"",""teletype"",""cell type"",""telltype"",""celltype""],[""befine"",""acceed"",""acceed"",""accede""],[""mcmillian"",""memorial""],[""colombo"",""siamese"",""diverse""],[""testify""],[""forever""],[],[""infer""],[],[]]","[9,8,2,6,8,7,9,9,10,9,10,10]","[[0,0,0,0],[0,0,0,0,0],[0,0,0,0,0,0,0,0,0],[1,1,1,1,1,1],[0,0,0],[0,1,0,0,0,0,0,0,0],[0,0],[0,0,0,0,0],[0,0,0],[0],[0,0,1,0],[0,0,0,0,0,0,0]]"
190,Celeste64,FracturedIridescence@Celeste64.com,7,c1545cee-282f-484f-b83a-1787800eb136,0,2025-02-05 15:16:09+00,2025-02-05 13:01:55.645+00,300,"[1,1,1,0,1,1,1,1,0,0,0,0]","[[""grains"",""plains""],[""scale""],[""holotype"",""teletype"",""cell type"",""celltype""],[""decade""],[""memorial""],[""advance"",""divorce"",""advance"",""diverse""],[""testing"",""testify""],[""vr"",""virtualreality"",""forever""],[],[],[],[]]","[8,9,6,9,9,6,8,7,10,10,10,10]","[[0,0,0,0],[0,0,0,0,0],[0,0,0,0,0,0,0,0,0],[1,1,0,0,0,0],[0,0,0],[0,0,0,0,0,0,0,0,0],[0,0],[0,0,0,0,0],[0,0,0],[0],[0,0,0,0],[0,0,0,0,0,0,0]]"
191,Nilikus,1OneBridge-SouthNorth!,2,581230bc-ec5e-4a3c-b985-190ba829d186,1,2025-02-06 00:05:44+00,2025-02-05 13:02:52.313+00,50,"[0,1,1,0,0,0,0,0,0,1,0,0]","[[],[""scale""],[""celltype""],[],[],[],[],[],[],[""great"",""shape"",""snipe"",""snape"",""infep"",""infer""],[],[]]","[10,9,9,10,10,10,10,10,10,4,10,10]","[[1,0,0,0],[0,0,0,0,0],[0,0,0,0,0,0,0,0,0],[1,0,0,0,0,0],[0,0,0],[0,0,0,0,0,0,0,0,0],[0,0],[0,0,0,0,0],[0,0,0],[0],[0,0,0,0],[0,0,0,0,0,0,0]]"
194,Â≠§ÁîµÂ≠êÈòü,164374,0,77a06cc9-7d8c-4758-aa97-a9af08912e7c,0,,2025-02-05 13:18:41.148+00,0,"[0,0,0,0,0,0,0,0,0,0,0,0]","[[],[],[],[],[],[],[],[],[],[],[],[]]","[10,10,10,10,10,10,10,10,10,10,10,10]","[[0,0,0,0],[0,0,0,0,0],[0,0,0,0,0,0,0,0,0],[0,0,0,0,0,0],[0,0,0],[0,0,0,0,0,0,0,0,0],[0,0],[0,0,0,0,0],[0,0,0],[0],[0,0,0,0],[0,0,0,0,0,0,0]]"
202,ccdefghi,nan20080404,0,190e66fe-6ca5-44cf-98fe-dc15ace3d1db,0,,2025-02-05 13:27:31.424+00,60,"[0,0,0,0,0,0,0,0,0,0,0,0]","[[],[],[],[],[],[],[],[],[],[],[],[]]","[10,10,10,10,10,10,10,10,10,10,10,10]","[[1,0,0,0],[1,0,0,0,0],[0,0,0,0,0,0,0,0,0],[0,0,0,0,0,0],[0,0,0],[0,0,0,0,0,0,0,0,0],[0,0],[0,0,0,0,0],[0,0,0],[0],[0,0,0,0],[0,0,0,0,0,0,0]]"
206,Â∞èÂàÜÈòü,qwertyuiop,0,d0a3e00d-7372-475c-a167-9d5f3595c8c6,0,,2025-02-05 13:10:11.254+00,60,"[0,0,0,0,0,0,0,0,0,0,0,0]","[[],[],[],[],[],[],[],[],[],[],[],[]]","[10,10,10,10,10,10,10,10,10,10,10,10]","[[1,0,0,0],[1,0,0,0,0],[0,0,0,0,0,0,0,0,0],[0,0,0,0,0,0],[0,0,0],[0,0,0,0,0,0,0,0,0],[0,0],[0,0,0,0,0],[0,0,0],[0],[0,0,0,0],[0,0,0,0,0,0,0]]"
207,IWFans,iwfans001,1,bbc1edbe-680a-46b1-8924-f0828bea64fa,1,2025-02-05 17:10:01.778+00,2025-02-05 13:08:13.217+00,1960,"[0,1,0,0,0,0,0,0,1,0,0,0]","[[],[""scale""],[],[],[],[],[],[],[""unique""],[],[],[]]","[10,9,10,10,10,10,10,10,9,10,10,10]","[[1,1,0,0],[1,0,0,0,0],[1,0,0,0,0,0,0,0,0],[1,0,0,0,0,0],[0,0,0],[0,0,0,0,0,0,0,0,0],[0,0],[0,0,0,0,0],[1,1,1],[0],[0,0,0,0],[0,0,0,0,0,0,0]]"
208,‰∫∫Â∑•Êô∫ËÉΩ‰ºöÁà±‰∏äÁîµÂ≠êÁå´Â®òÂêó,Silhouette,2,d20039c1-cc22-4f9b-93cc-ed70af2d790e,1,2025-02-05 18:33:29.199+00,2025-02-05 15:06:50.306+00,450,"[0,1,1,0,0,0,0,0,0,1,0,0]","[[],[""scale""],[""genotype"",""celltype""],[],[],[],[],[],[],[""shape"",""grape"",""snipe"",""snape"",""infer""],[],[]]","[10,9,8,10,10,10,10,10,10,5,10,10]","[[1,0,0,0],[0,0,0,0,0],[1,0,0,0,0,0,0,0,0],[1,0,0,0,0,0],[1,0,0],[0,0,0,0,0,0,0,0,0],[0,0],[0,0,0,0,0],[0,0,0],[0],[0,0,0,0],[0,0,0,0,0,0,0]]"
209,‰∫∫ÂèÇÂíåËêùÂçú,ninjin,0,46377298-0908-4916-9a5b-74975fd99bdb,0,,,0,"[0,0,0,0,0,0,0,0,0,0,0,0]","[[],[],[],[],[],[],[],[],[],[],[],[]]","[10,10,10,10,10,10,10,10,10,10,10,10]","[[0,0,0,0],[0,0,0,0,0],[0,0,0,0,0,0,0,0,0],[0,0,0,0,0,0],[0,0,0],[0,0,0,0,0,0,0,0,0],[0,0],[0,0,0,0,0],[0,0,0],[0],[0,0,0,0],[0,0,0,0,0,0,0]]"
210,ÁõêÊ∞¥ÂíåÈù¢,q1w2e3,4,abfee31f-b073-4efb-ad1b-dd57536087d2,0,2025-02-05 15:46:43+00,2025-02-05 13:56:07.74+00,610,"[1,1,1,0,1,0,0,0,0,0,0,0]","[[""plains""],[""scale""],[""phenotype"",""overjoyed"",""teletype"",""replayed"",""betrayal"",""megabyte"",""deployed"",""teletype"",""celltype""],[],[""memorial""],[""mixture"",""airtime""],[],[],[],[""great"",""shape"",""sheep""],[],[]]","[9,9,1,10,9,8,10,10,10,7,10,10]","[[0,0,0,0],[1,0,0,0,0],[0,0,0,0,0,0,0,0,0],[1,0,1,0,0,1],[0,0,0],[1,1,0,0,0,0,0,0,0],[0,0],[0,0,0,0,0],[0,0,0],[0],[0,0,0,0],[0,0,0,0,0,0,0]]"
213,Riser,WHAX,7,0c1af1b8-e02e-452c-9166-09bd30f6698a,1,2025-02-05 16:31:41.356+00,2025-02-05 13:01:42.868+00,1050,"[1,1,1,1,1,1,0,1,0,1,0,0]","[[""plains""],[""scale""],[""celltype""],[""decade"",""headed"",""begged"",""debbie"",""facade"",""bbceee"",""acceed"",""acdede"",""accede""],[""memorial""],[""advance"",""divorce"",""advisor"",""adviser"",""diverse""],[],[""forever""],[],[""infer""],[""calico"",""carbon"",""ligase"",""lipase"",""canvas"",""caracu""],[]]","[9,9,9,1,9,5,10,9,10,9,4,10]","[[1,1,0,0],[0,0,0,0,0],[0,0,0,0,0,0,0,0,0],[1,0,0,0,0,0],[0,0,0],[0,1,0,0,0,0,0,0,0],[1,0],[1,0,0,0,0],[0,0,0],[0],[0,0,0,0],[0,0,0,0,0,0,0]]"
215,√Üsir,ningzhiyi,4,80c6de32-213d-474a-998c-9357140e4746,1,2025-02-05 16:21:02.187+00,2025-02-05 13:19:40.792+00,850,"[0,1,1,0,1,1,0,0,0,1,0,0]","[[""lit"",""blind""],[""scale""],[""teletype"",""telltype"",""celltype""],[],[""memorial""],[""deparse"",""defense"",""expense"",""diverse""],[],[],[],[""snipe"",""snape"",""sneer"","""",""sneep"",""infer""],[],[]]","[8,9,7,10,9,6,10,10,10,4,10,10]","[[1,1,0,0],[0,0,0,0,0],[0,0,0,0,0,0,0,0,0],[1,0,0,0,0,0],[0,0,0],[1,1,0,0,0,0,0,0,0],[0,0],[0,0,0,0,0],[0,0,0],[1],[0,0,0,0],[0,0,0,0,0,0,0]]"
216,ÊàëÊòØÂèñÂêçÂ∫üÁâ©,wsqmfw114514,3,059fb048-9c46-478e-943c-e8543b340a08,1,2025-02-05 19:35:50.811+00,2025-02-05 18:12:01.974+00,300,"[0,1,1,1,0,0,0,0,0,1,0,0]","[[""atufur"",""‰∏âÂ§©‰∏âÂ§ú""],[""SCALE"",""scale""],[""telltale"",""telltype"",""teletype"",""telltype"",""celltype""],[""accede""],[],[],[],[],[],[""snfep"",""snfep"",""sheep"",""infer""],[],[]]","[8,8,5,9,10,10,10,10,10,6,10,10]","[[0,0,0,0],[0,0,0,0,0],[0,0,0,0,0,0,0,0,0],[1,0,0,0,0,1],[0,0,0],[0,1,0,0,0,0,0,0,0],[0,0],[0,0,0,0,0],[0,0,0],[1],[0,0,0,0],[0,0,0,0,0,0,0]]"
220,ÁàÜÂÆóÈó®,boomdoor,0,a0d0ec5c-2426-4456-9ca6-6aace98a73a1,0,,,0,"[0,0,0,0,0,0,0,0,0,0,0,0]","[[],[],[],[],[],[],[],[],[],[],[],[]]","[10,10,10,10,10,10,10,10,10,10,10,10]","[[0,0,0,0],[0,0,0,0,0],[0,0,0,0,0,0,0,0,0],[0,0,0,0,0,0],[0,0,0],[0,0,0,0,0,0,0,0,0],[0,0],[0,0,0,0,0],[0,0,0],[0],[0,0,0,0],[0,0,0,0,0,0,0]]"
221,WT,good890890,0,cb9f252d-7606-4ca9-a8ab-79347ad9a1a6,0,,,0,"[0,0,0,0,0,0,0,0,0,0,0,0]","[[],[],[],[],[],[],[],[],[],[],[],[]]","[10,10,10,10,10,10,10,10,10,10,10,10]","[[0,0,0,0],[0,0,0,0,0],[0,0,0,0,0,0,0,0,0],[0,0,0,0,0,0],[0,0,0],[0,0,0,0,0,0,0,0,0],[0,0],[0,0,0,0,0],[0,0,0],[0],[0,0,0,0],[0,0,0,0,0,0,0]]"
222,EqualS Etoile.,YoringSaku,0,5836b654-af9a-4f95-b2c7-1ca42d7fcfc3,0,,2025-02-05 13:11:31.159+00,560,"[0,0,0,0,0,0,0,0,0,0,0,0]","[[""yong"",""ya""],[],[],[],[],[],[],[],[],[],[],[]]","[8,10,10,10,10,10,10,10,10,10,10,10]","[[1,1,0,0],[1,0,0,0,0],[0,0,0,0,0,0,0,0,0],[0,0,0,0,0,0],[0,0,0],[0,0,0,0,0,0,0,0,0],[0,0],[0,0,0,0,0],[0,0,0],[0],[0,0,0,0],[0,0,0,0,0,0,0]]"
226,Hope and Dream,"it is raining somewhere ",0,4cb15be1-370f-4333-89cc-2555a80823f9,0,,2025-02-05 13:14:24.574+00,560,"[0,0,0,0,0,0,0,0,0,0,0,0]","[[],[""10""],[],[],[],[],[],[],[],[],[],[]]","[10,9,10,10,10,10,10,10,10,10,10,10]","[[1,1,0,0],[1,0,0,0,0],[0,0,0,0,0,0,0,0,0],[0,0,0,0,0,0],[0,0,0],[0,0,0,0,0,0,0,0,0],[0,0],[0,0,0,0,0],[0,0,0],[0],[0,0,0,0],[0,0,0,0,0,0,0]]"
228,‰Ωï‰ª•‰∏∫Êàë,mlwclhxl,8,11cfa38a-e502-4d78-a754-e1bf7ca4e97b,1,2025-02-05 17:43:23.029+00,2025-02-05 13:02:35.35+00,1350,"[1,1,1,1,1,1,1,1,0,1,0,0]","[[""flames"",""xynmao"",""plamns"",""plains""],[""scale""],[""cell type"",""teletype"",""celltype""],[""scarce"",""acbede"",""accede""],[""memorial""],[""shenmue"",""shenmue"",""diverse""],[""testify""],[""forever""],[""united""],[""sneep"",""snfep"",""sheep"",""infer""],[],[]]","[6,9,7,7,9,7,9,9,9,6,10,10]","[[1,0,0,0],[0,0,0,0,0],[0,0,0,0,0,0,0,0,0],[1,0,0,0,0,0],[0,0,0],[0,1,0,0,0,0,0,0,0],[1,1],[0,0,0,0,0],[0,0,0],[0],[0,0,0,0],[0,0,0,0,0,0,0]]"
235,Ave Mujica,awee123456,8,08ccc383-a19a-4324-ae76-8ecf63f5a634,1,2025-02-05 19:58:55.471+00,2025-02-05 13:02:40.882+00,1950,"[1,1,1,1,1,1,1,1,0,1,0,0]","[[""plains""],[""SCALE"",""scale""],[""genotype"",""newstyle"","""",""celltype""],[""accede""],[""memorial""],[""divorce"",""diverse""],[""testify""],[""forever""],[],[""infer""],[],[]]","[9,8,6,9,9,8,9,9,10,9,10,10]","[[1,0,0,0],[0,0,0,0,0],[0,0,0,0,0,0,0,0,0],[1,0,1,1,1,1],[0,0,0],[0,0,0,0,0,0,0,0,0],[1,0],[0,0,0,0,0],[0,0,0],[0],[0,0,0,0],[0,0,0,0,0,0,0]]"
236,Nonfirewall,20250202,5,e60b85b4-fd50-489c-bae2-d2f266bca96b,1,2025-02-05 17:46:56.558+00,2025-02-05 13:01:30.005+00,1350,"[1,1,1,0,1,0,1,0,0,1,0,0]","[[""trains"",""plains""],[""scale""],[""genotype"",""teletype"",""celltype""],[],[""memorial""],[""nurture"",""airline""],[""testify""],[],[],[""sneep"",""infer""],[],[]]","[8,9,7,10,9,8,9,10,10,8,10,10]","[[1,0,0,0],[0,0,0,0,0],[0,0,0,0,0,0,0,0,0],[1,0,0,0,0,0],[0,0,0],[0,1,0,0,0,0,0,0,0],[1,1],[0,0,0,0,0],[0,0,0],[0],[0,0,0,0],[0,0,0,0,0,0,0]]"
238,Áî®Â∞æÂ∑¥Â∞ñÂ∞ñ‰πüËÉΩËß£ÂºÄÊãâÊôÆÊãâÊñØÂ¶ñËù¥Ëù∂ÁªìÂçè‰ºöÂñµÔºÅÔºàÁôºËá™DeepseekÔºâ,554buxing,5,fd07c664-fd25-4bbd-a9e4-2ffa04300693,2,2025-02-05 18:30:25.284+00,2025-02-05 13:45:08.627+00,100,"[1,1,1,0,1,1,0,0,1,1,0,0]","[[""sincere"",""astoria"",""shaking"",""ideas"",""plains""],[""scale""],[""cowboys"",""colonys"",""catalyst"",""celltype""],[],[""memorial""],[""miracles"",""vitamin"",""finance"",""rivalry"",""diverse""],[],[],[""unique""],[""great"",""shape"",""sheep"",""grape"",""cheap"",""crypt"",""cheer"",""infer""],[],[]]","[5,9,6,10,9,5,10,10,9,2,10,10]","[[0,0,0,0],[0,0,0,0,0],[0,0,0,0,0,0,0,0,0],[1,0,0,0,0,0],[0,0,0],[0,1,0,0,0,0,0,0,0],[0,0],[0,0,0,0,0],[0,0,0],[0],[0,0,0,0],[0,0,0,0,0,0,0]]"
244,Â∏åÊúõÈÉΩÂèØ‰ª•Ëíô,122314,0,3ba6fcef-2961-4623-af53-22a3d3ef1e65,0,,2025-02-05 13:02:16.433+00,860,"[0,0,0,0,0,0,0,0,0,0,0,0]","[[],[""‰πôÂ∑≥""],[],[],[],[],[],[],[],[],[],[]]","[10,9,10,10,10,10,10,10,10,10,10,10]","[[1,0,0,0],[1,0,0,1,0],[0,0,0,0,0,0,0,0,0],[0,0,0,0,0,0],[0,0,0],[0,0,0,0,0,0,0,0,0],[0,0],[0,0,0,0,0],[0,0,0],[0],[0,0,0,0],[0,0,0,0,0,0,0]]"
247,È©¨‰∏äÁõ∏ÈÄ¢Êó†Á∫∏Á¨î,msxfwzb,0,d34c0ffd-52b0-4041-9358-c05cd1cd422c,0,,2025-02-05 13:04:35.47+00,0,"[0,0,0,0,0,0,0,0,0,0,0,0]","[[],[],[],[],[],[],[],[],[],[],[],[]]","[10,10,10,10,10,10,10,10,10,10,10,10]","[[0,0,0,0],[0,0,0,0,0],[0,0,0,0,0,0,0,0,0],[0,0,0,0,0,0],[0,0,0],[0,0,0,0,0,0,0,0,0],[0,0],[0,0,0,0,0],[0,0,0],[0],[0,0,0,0],[0,0,0,0,0,0,0]]"
248,ÂõΩÈôÖÊáµÂì•ÂúàÂÖªÁªÑÁªá,walk_alone,4,88386ded-7369-4903-a871-4aafbd701a02,2,2025-02-05 15:53:05.156+00,2025-02-05 13:03:13.938+00,450,"[0,1,1,0,1,1,0,0,1,1,0,0]","[[""broad""],[""scale""],[""teletype"",""cell type"",""celltype""],[],[""memorial""],[""element"",""advance"",""divorce"",""service"",""surface"",""diverse""],[],[],[""unique""],[""infap"",""infpp"",""infep"",""infer""],[],[]]","[9,9,7,10,9,4,10,10,9,6,10,10]","[[1,0,0,0],[0,0,0,0,0],[0,0,0,0,0,0,0,0,0],[1,0,0,0,0,0],[0,0,0],[0,1,0,0,0,0,0,0,0],[1,0],[0,0,0,0,0],[0,0,0],[0],[0,0,0,0],[0,0,0,0,0,0,0]]"
252,Â∏åÊúõÂÆåËµõÈòü,xiwangwansai,0,de650343-7293-4f06-8923-748c82df23ae,0,,2025-02-05 13:01:47.784+00,50,"[0,0,0,0,0,0,0,0,0,0,0,0]","[[],[],[],[],[],[],[],[],[],[],[],[]]","[10,10,10,10,10,10,10,10,10,10,10,10]","[[1,0,0,0],[0,0,0,0,0],[0,0,0,0,0,0,0,0,0],[0,0,0,0,0,0],[0,0,0],[0,0,0,0,0,0,0,0,0],[0,0],[0,0,0,0,0],[0,0,0],[0],[0,0,0,0],[0,0,0,0,0,0,0]]"
254,È£ûÈ±º,Jerry20080213,0,1acd24cf-d216-4b05-9bba-8c329d1e4de9,0,,2025-02-05 16:14:54.494+00,50,"[0,0,0,0,0,0,0,0,0,0,0,0]","[[],[],[],[],[],[],[],[],[],[],[],[]]","[10,10,10,10,10,10,10,10,10,10,10,10]","[[1,0,0,0],[0,0,0,0,0],[0,0,0,0,0,0,0,0,0],[0,0,0,0,0,0],[0,0,0],[0,0,0,0,0,0,0,0,0],[0,0],[0,0,0,0,0],[0,0,0],[0],[0,0,0,0],[0,0,0,0,0,0,0]]"
255,Âõ¢ÈòüÂêà‰ΩúÔºåÂèàÂø´ÂèàÈîô,2111,2,9c7d9647-ad5b-49fc-8bce-6d95e8b22441,0,2025-02-05 14:37:33+00,2025-02-05 13:15:15.87+00,50,"[1,0,1,0,0,0,0,0,0,0,0,0]","[[""lits"",""plains""],[],[""teletype"",""celltype""],[],[],[],[],[],[],[],[],[]]","[8,10,8,10,10,10,10,10,10,10,10,10]","[[1,0,0,0],[0,0,0,0,0],[0,0,0,0,0,0,0,0,0],[1,0,0,0,0,0],[0,0,0],[0,0,0,0,0,0,0,0,0],[0,0],[0,0,0,0,0],[0,0,0],[0],[0,0,0,0],[0,0,0,0,0,0,0]]"
257,ÂèåÈù¢ËÉ∂ÂîÆÂçñÊú∫,ito2797,5,307ac6bd-81ce-4644-9364-662878e6d8be,1,2025-02-05 17:28:42.979+00,2025-02-05 13:04:34.993+00,1270,"[1,1,1,0,1,1,0,0,0,1,0,0]","[[""plains""],[""scale""],[""celltype""],[],[""memorial""],[""diverse""],[],[],[],[""infep"",""infer""],[],[]]","[9,9,9,10,9,9,10,10,10,8,10,10]","[[0,1,0,0],[1,0,0,0,0],[0,0,0,0,0,0,0,0,0],[1,0,1,0,0,1],[0,0,0],[1,1,0,0,0,0,0,0,0],[0,0],[0,0,0,0,0],[0,0,0],[0],[0,0,0,0],[1,1,1,0,0,0,0]]"
258,ÂæÆÁ¨ëË∞ÉÊü•Èòü,IXbA63DyUoi8T2Efgk4,0,9b77c8a7-d583-4d5d-b624-550345dd6d85,0,,2025-02-05 13:03:56.169+00,1560,"[0,0,0,0,0,0,0,0,0,0,0,0]","[[],[],[],[],[],[],[],[],[],[],[],[]]","[10,10,10,10,10,10,10,10,10,10,10,10]","[[1,1,0,0],[1,0,0,0,1],[0,0,0,0,0,0,0,0,0],[0,0,0,0,0,0],[0,0,0],[0,0,0,0,0,0,0,0,0],[0,0],[0,0,0,0,0],[0,0,0],[0],[0,0,0,0],[0,0,0,0,0,0,0]]"
259,Nazorzz,142857,0,445f1cae-428a-449b-9cd4-cb617e388f3a,0,,2025-02-05 15:04:25.521+00,50,"[0,0,0,0,0,0,0,0,0,0,0,0]","[[],[],[],[],[],[],[],[],[],[],[],[]]","[10,10,10,10,10,10,10,10,10,10,10,10]","[[1,0,0,0],[0,0,0,0,0],[0,0,0,0,0,0,0,0,0],[0,0,0,0,0,0],[0,0,0],[0,0,0,0,0,0,0,0,0],[0,0],[0,0,0,0,0],[0,0,0],[0],[0,0,0,0],[0,0,0,0,0,0,0]]"
262,=[ÈòüÂëòÊï∞√∑3]‰∏™ËØ∏Ëëõ‰∫Æ,W1seMan,1,2177000a-19c2-4b78-a623-f901ed988720,0,2025-02-05 16:59:10.551+00,2025-02-05 14:15:01+00,0,"[1,0,0,0,0,0,0,0,0,0,0,0]","[[""plains""],[""dawda""],[],[],[],[],[],[],[],[],[],[]]","[9,9,10,10,10,10,10,10,10,10,10,10]","[[0,0,0,0],[0,0,0,0,0],[0,0,0,0,0,0,0,0,0],[0,0,0,0,0,0],[0,0,0],[0,0,0,0,0,0,0,0,0],[0,0],[0,0,0,0,0],[0,0,0],[0],[0,0,0,0],[0,0,0,0,0,0,0]]"
264,ÂÅöÂá∫‰∏ÄÈ¢òÂ∞±ÁÆóËÉúÂà©,Êãø‰∫ÜÁúÅ‰∏ÄËÉΩ‰∏ä‰∏≠Â§ßÂêó,2,161dd0d7-2741-431e-b25c-1e8e33da30d3,0,2025-02-05 14:23:42.488+00,2025-02-05 13:15:29.255+00,50,"[0,1,1,0,0,0,0,0,0,0,0,0]","[[],[""scale""],[""cell type"",""celltype""],[],[],[],[],[],[],[],[],[]]","[10,9,8,10,10,10,10,10,10,10,10,10]","[[1,0,0,0],[0,0,0,0,0],[0,0,0,0,0,0,0,0,0],[1,0,0,0,0,0],[0,0,0],[0,0,0,0,0,0,0,0,0],[0,0],[0,0,0,0,0],[0,0,0],[0],[0,0,0,0],[0,0,0,0,0,0,0]]"
265,ÁàÜÁÇ∏‰∫Ü‰Ω†‰ª¨ËøôÁæ§Áà¨Ëµ∞Êù≠ÁâπÂ§ßÁ•ûÂà∑ÁàÜÂêÑÁßçÂ§ßÈ¢òËøõÂ∫¶ÂºÄÁöÑÊØîÊàëÂñùÊ∞¥ÈÉΩÂø´ÂêéÈù¢ÁúÅÁï•‰∏Ä‰∫õÁ•ûÂ•áÁöÑÊñáÂ≠óÁÑ∂ÂêéÈÇ£‰πàËøô‰∏™Á•ûÂ•áÁöÑÈòü‰ºçÂè´‰ªÄ‰πàÂë¢ÂìàÂìàÊàë‰πü‰∏çÁü•ÈÅìÂìàÂìàÂìàÁ¨ë‰∏™Èî§Â≠êÂïäÂ¶ÇÊûú‰Ω†ÊÉ≥Âä†ÂÖ•Êàë‰ª¨Âπ∂ÂèòÂæóÂÉèÊàë‰ª¨‰∏ÄÊ†∑ÁñØÁô´‰Ω†ÂèØ‰ª•ËÆøÈóÆÁà±ÂêÉË∏¢Ë∏¢ÁöÆÂüÉÊñØÂÜíÂè∑ÊñúÊù†ÊñúÊù†‰∏âËææ‰∏çÊ∫úÁÇπÊØî‰æãÊØî‰æãÁÇπË•øÂì¶ËâæÊú®ÊñúÊù†Â®ÅËâæÂú∞ÊòìÂì¶ÊñúÊù†Â§ßÂÜôÊØîÂ§ßÂÜôÂ®Å‰ª•Â§ßÂÜôÂØÑÂ§ßÂÜôËøΩÂõõÁôæ‰∏ÄÂçÅ‰∏ÄÂ∞èÂÜôËâæÂÖãÊñØ‰∏ÉÁà±ÂêÉ‰∏ÉÊñúÊù†Â§©Âì™Ëøô‰∏çÁ•ûÂ•áÂêóËøô‰∏çÁ•ûÂ•áÂêóËøô‰∏çÁ•ûÂ•áÂêóËøô‰∏çÁ•ûÂ•áÂêóÂìàÂìàÂìàËäúÊπñËµ∑È£ûÔºÅÔºÅÔºÅ,BaozhAX1a0du1,5,8990bfd5-2fe1-408d-a6d3-9dc58dee1b34,2,2025-02-05 13:43:00+00,2025-02-05 13:04:20.864+00,750,"[1,1,1,0,1,0,0,1,1,1,0,0]","[[""plains""],[""scale""],[""teletype"",""celltype""],[],[""memorial""],[""disease"",""divorce""],[],[""forever""],[""unique""],[""infer""],[],[]]","[9,9,8,10,9,8,10,9,9,9,10,10]","[[1,0,0,0],[0,0,0,0,0],[0,0,0,0,0,0,0,0,0],[1,1,1,0,0,0],[0,0,0],[0,1,0,0,0,0,0,0,0],[0,0],[0,0,0,0,0],[0,0,0],[0],[0,0,0,0],[0,0,0,0,0,0,0]]"
268,‰∏çÂØπ‰∏çÈòü,pyc0508@,0,5a693e56-6fda-493c-8e2c-67f17be13c0e,0,,2025-02-05 13:09:44.938+00,0,"[0,0,0,0,0,0,0,0,0,0,0,0]","[[],[],[],[],[],[],[],[],[],[],[],[]]","[10,10,10,10,10,10,10,10,10,10,10,10]","[[0,0,0,0],[0,0,0,0,0],[0,0,0,0,0,0,0,0,0],[0,0,0,0,0,0],[0,0,0],[0,0,0,0,0,0,0,0,0],[0,0],[0,0,0,0,0],[0,0,0],[0],[0,0,0,0],[0,0,0,0,0,0,0]]"
269,üññUnsaluted Consultation,laobaeat,8,dc6f70a3-f2e2-4e3c-8ab3-57af5b3ce154,1,2025-02-05 16:17:15.152+00,2025-02-05 13:06:00.03+00,900,"[1,1,1,1,1,1,1,1,1,0,0,0]","[[""plains""],[""scale""],[""betrayal"",""cell type"",""teletype"",""noun"",""tell type"",""telltype"",""celltype""],[],[""unique"",""memorial""],[""diverse""],[""chess"",""ladder"",""ladders"",""dice"",""python"",""python"",""testify""],[""forgive"",""foreve"",""forgiven"",""forever""],[""unique""],[],[],[]]","[9,9,3,10,8,9,3,6,9,10,10,10]","[[0,0,0,0],[0,0,0,0,0],[0,0,0,0,1,0,0,0,0],[1,1,0,0,0,0],[0,0,0],[0,1,0,0,0,0,0,0,0],[0,0],[0,0,0,0,0],[0,0,0],[0],[0,0,0,0],[0,0,0,0,0,0,0]]"
271,Hungergame,Hungergame111,3,c01e447e-3a25-4ef2-bd86-71453f98aa61,1,2025-02-05 18:29:11.634+00,2025-02-05 13:03:45.609+00,550,"[1,0,1,0,1,0,0,0,0,1,0,0]","[[""rlains"",""rains"",""plains""],[""else""],[""teletype"",""teletype"",""telltype"",""celltype""],[],[""memorial""],[],[],[],[],[""snfer"",""infer""],[],[]]","[7,9,6,10,9,10,10,10,10,8,10,10]","[[1,1,0,0],[0,0,0,0,0],[0,0,0,0,0,0,0,0,0],[1,0,0,0,0,0],[0,0,0],[0,0,0,0,0,0,0,0,0],[0,0],[0,0,0,0,0],[0,0,0],[0],[0,0,0,0],[0,0,0,0,0,0,0]]"
272,ËÆ©ÊàëÂ∫∑Â∫∑È¢ò,rangwokangkangti,0,33deee4a-3da8-4fb1-965a-246656f21bff,0,,2025-02-05 13:26:31.046+00,0,"[0,0,0,0,0,0,0,0,0,0,0,0]","[[],[],[],[],[],[],[],[],[],[],[],[]]","[10,10,10,10,10,10,10,10,10,10,10,10]","[[0,0,0,0],[0,0,0,0,0],[0,0,0,0,0,0,0,0,0],[0,0,0,0,0,0],[0,0,0],[0,0,0,0,0,0,0,0,0],[0,0],[0,0,0,0,0],[0,0,0],[0],[0,0,0,0],[0,0,0,0,0,0,0]]"
273,‰∏ÄÊùüÊúàÂÖâÊòé,N3V3RG3TOV3R,8,59b202ec-5752-4c67-867f-174cc84c405a,1,2025-02-05 19:08:53.352+00,2025-02-05 13:04:50.73+00,960,"[1,1,1,1,1,1,1,1,0,1,0,0]","[[""plains""],[""scale""],[""teletype"",""telltype"",""celltype""],[""124634"",""abdfcd"",""decade"",""accede""],[""memorial""],[""diverse""],[""testify""],[""forever""],[],[""infap"","""",""wona"",""infep"",""cute"",""snfep"",""infer""],[],[]]","[9,9,7,6,9,9,9,9,10,3,10,10]","[[1,0,0,0],[0,0,0,0,0],[0,0,0,0,0,0,0,0,0],[1,1,0,0,0,1],[0,0,0],[0,1,0,0,0,0,0,0,0],[1,0],[0,0,0,0,0],[0,0,0],[1],[0,0,0,0],[1,0,0,0,0,0,0]]"
275,No idea,1L0v3M4tH,0,2882b82b-aa29-43e5-8c9d-ef170e6ccf7d,0,,2025-02-05 13:03:47.478+00,10,"[0,0,0,0,0,0,0,0,0,0,0,0]","[[],[],[],[],[],[],[],[],[],[],[],[]]","[10,10,10,10,10,10,10,10,10,10,10,10]","[[0,0,0,0],[1,0,0,0,0],[0,0,0,0,0,0,0,0,0],[0,0,0,0,0,0],[0,0,0],[0,0,0,0,0,0,0,0,0],[0,0],[0,0,0,0,0],[0,0,0],[0],[0,0,0,0],[0,0,0,0,0,0,0]]"
276,FloorOfLava,@Theperfecttower2,0,f219b686-5181-46c6-b8e4-465b359d127a,0,,,0,"[0,0,0,0,0,0,0,0,0,0,0,0]","[[],[],[],[],[],[],[],[],[],[],[],[]]","[10,10,10,10,10,10,10,10,10,10,10,10]","[[0,0,0,0],[0,0,0,0,0],[0,0,0,0,0,0,0,0,0],[0,0,0,0,0,0],[0,0,0],[0,0,0,0,0,0,0,0,0],[0,0],[0,0,0,0,0],[0,0,0],[0],[0,0,0,0],[0,0,0,0,0,0,0]]"
277,like a medium snake,halflime,1,7f6801e1-a90c-497c-831e-53763f295e39,0,2025-02-05 16:46:58.472+00,2025-02-05 15:56:58.82+00,0,"[0,1,0,0,0,0,0,0,0,0,0,0]","[[],[""sacld"",""scald"",""scale""],[""deployed"",""wesleyan"",""replayed""],[],[],[],[],[],[],[],[],[]]","[10,7,7,10,10,10,10,10,10,10,10,10]","[[0,0,0,0],[0,0,0,0,0],[0,0,0,0,0,0,0,0,0],[0,0,0,0,0,0],[0,0,0],[0,0,0,0,0,0,0,0,0],[0,0],[0,0,0,0,0],[0,0,0],[0],[0,0,0,0],[0,0,0,0,0,0,0]]"
278,ÁéõÁëôÊâìÂ∑•‰ªî,456321,3,7f34ec8c-14c9-483b-bd70-eb562d4628a2,1,2025-02-05 18:03:55.957+00,2025-02-05 13:14:44.381+00,960,"[1,0,1,0,1,0,0,0,0,1,0,0]","[[""plains""],[],[""ineurope"",""ineurope"",""ingroups"",""holotype"",""calotype"",""cerotype"",""celltype""],[],[""memorial""],[],[],[],[],[""under"",""infer""],[],[]]","[9,10,3,10,9,10,10,10,10,8,10,10]","[[1,0,0,0],[1,0,0,0,0],[1,0,0,0,0,0,0,1,0],[1,0,0,0,0,0],[0,0,0],[0,1,0,0,0,0,0,0,0],[0,0],[0,0,0,0,0],[0,0,0],[0],[0,0,0,0],[0,0,0,0,0,0,0]]"
279,ËææÂ∏ÉÁ¶ÑÈòü,wjp666,2,7fc64eea-5ef2-401f-ba70-b8e4c753c453,1,2025-02-05 16:24:15.754+00,2025-02-05 13:04:27.828+00,550,"[1,0,1,0,0,0,0,0,0,1,0,0]","[[""plains""],[],[""teletype"",""cell type"",""celltype""],[],[],[],[],[],[],[""infep"",""infer""],[],[]]","[9,10,7,10,10,10,10,10,10,8,10,10]","[[1,1,0,0],[0,0,0,0,0],[0,0,0,0,0,0,0,0,0],[1,0,0,0,0,0],[0,0,0],[0,0,0,0,0,0,0,0,0],[0,0],[0,0,0,0,0],[0,0,0],[0],[0,0,0,0],[0,0,0,0,0,0,0]]"
282,Êàë‰∏ç‰ºöÂÅöÂïä,42,0,5eec538d-c6c5-4731-8e96-73be2b862592,0,,,0,"[0,0,0,0,0,0,0,0,0,0,0,0]","[[],[],[],[],[],[],[],[],[],[],[],[]]","[10,10,10,10,10,10,10,10,10,10,10,10]","[[0,0,0,0],[0,0,0,0,0],[0,0,0,0,0,0,0,0,0],[0,0,0,0,0,0],[0,0,0],[0,0,0,0,0,0,0,0,0],[0,0],[0,0,0,0,0],[0,0,0],[0],[0,0,0,0],[0,0,0,0,0,0,0]]"
283,Êâì‰∫Üccbc15 seco goldeneggs Èô§Â§ïË∞úÂè™ÂÆåËµõ‰∏ÄÊ¨°ÁöÑÂ±ëÈòü,QAQ,0,7adc9d77-e5e3-4fa0-9d61-a68ed2da6cab,0,,2025-02-05 13:06:19.852+00,10,"[0,0,0,0,0,0,0,0,0,0,0,0]","[[],[""esqid""],[],[],[],[],[],[],[],[],[],[]]","[10,9,10,10,10,10,10,10,10,10,10,10]","[[0,0,0,0],[1,0,0,0,0],[0,0,0,0,0,0,0,0,0],[0,0,0,0,0,0],[0,0,0],[0,0,0,0,0,0,0,0,0],[0,0],[0,0,0,0,0],[0,0,0],[0],[0,0,0,0],[0,0,0,0,0,0,0]]"
290,ÊµãËØïË¥¶Âè∑#3,ÊµãËØïË¥¶Âè∑#3,5,7ae1bd56-0639-458a-b71d-3e44364e7d15,1,2025-02-05 21:24:34.637+00,2025-02-05 14:41:02.317+00,2000,"[0,1,1,0,1,1,1,0,0,1,0,0]","[[],[""scale""],[""teletype"",""type"",""telltype"",""celltype""],[],[""memorial""],[""diverse""],[""testify""],[],[],[""cheap"",""crypt"",""cheer"",""cheat"",""cheat"",""cheat"",""cheat"",""great"",""infep"",""infer""],[],[]]","[10,9,6,10,9,9,9,10,10,0,10,10]","[[0,0,1,0],[0,0,0,0,0],[0,0,0,0,0,0,0,0,0],[1,0,0,0,0,0],[0,0,0],[0,1,0,0,0,0,0,0,0],[0,1],[0,0,0,0,0],[0,0,0],[0],[0,0,0,0],[0,0,0,0,0,0,0]]"
291,12333333,45666666,0,503af38e-6779-4f0d-b38a-8b0a07442b54,0,,,0,"[0,0,0,0,0,0,0,0,0,0,0,0]","[[],[],[],[],[],[],[],[],[],[],[],[]]","[10,10,10,10,10,10,10,10,10,10,10,10]","[[0,0,0,0],[0,0,0,0,0],[0,0,0,0,0,0,0,0,0],[0,0,0,0,0,0],[0,0,0],[0,0,0,0,0,0,0,0,0],[0,0],[0,0,0,0,0],[0,0,0],[0],[0,0,0,0],[0,0,0,0,0,0,0]]"
292,Ââ•Ê°îÂ≠êÂâ•ÁöÑÊâãÂèëÈªÑ,12345,0,dd6f32c1-0116-42a2-bb0a-ee697164f636,0,,,0,"[0,0,0,0,0,0,0,0,0,0,0,0]","[[],[],[],[],[],[],[],[],[],[],[],[]]","[10,10,10,10,10,10,10,10,10,10,10,10]","[[0,0,0,0],[0,0,0,0,0],[0,0,0,0,0,0,0,0,0],[0,0,0,0,0,0],[0,0,0],[0,0,0,0,0,0,0,0,0],[0,0],[0,0,0,0,0],[0,0,0],[0],[0,0,0,0],[0,0,0,0,0,0,0]]"
293,Not a Hunter,IsaNumber,5,ba424eba-0bff-4771-bc04-ce41fe4d9711,2,2025-02-05 16:27:08.128+00,2025-02-05 13:03:09.103+00,210,"[0,1,1,0,1,1,0,1,1,1,0,0]","[[],[""scale""],[""cell type"",""noun"",""celltype""],[],[""memorial""],[""diverse""],[],[""forever""],[""united"",""unique""],[""infer""],[],[]]","[10,9,7,10,9,9,10,9,8,9,10,10]","[[0,0,0,0],[0,0,0,0,0],[0,0,0,0,0,0,0,0,0],[1,0,0,0,0,1],[0,0,0],[0,1,0,0,0,0,0,0,0],[0,0],[0,0,0,0,0],[0,0,0],[0],[0,0,0,0],[1,0,0,0,0,0,0]]"
294,jirendui,jirendui,3,8e76f287-181a-4684-be12-f0b636542d32,1,2025-02-05 22:25:32.156+00,2025-02-05 16:14:33.245+00,1400,"[1,1,1,0,0,0,0,0,1,0,0,0]","[[""plains""],[""scale""],[""celltype""],[],[],[],[],[],[""unique""],[],[""lisrel""],[]]","[9,9,9,10,10,10,10,10,9,10,9,10]","[[0,0,0,0],[0,0,0,0,0],[0,0,0,0,0,0,0,0,0],[1,1,0,0,0,0],[0,1,0],[0,1,0,0,0,0,0,0,0],[0,0],[0,0,0,0,0],[0,0,0],[0],[0,0,0,0],[0,0,0,0,0,0,0]]"
299,hubbubhome,011125,0,a0fc03d0-b211-469f-852e-68ffd1bdd929,0,,,0,"[0,0,0,0,0,0,0,0,0,0,0,0]","[[],[],[],[],[],[],[],[],[],[],[],[]]","[10,10,10,10,10,10,10,10,10,10,10,10]","[[0,0,0,0],[0,0,0,0,0],[0,0,0,0,0,0,0,0,0],[0,0,0,0,0,0],[0,0,0],[0,0,0,0,0,0,0,0,0],[0,0],[0,0,0,0,0],[0,0,0],[0],[0,0,0,0],[0,0,0,0,0,0,0]]"
300,üèÆNZNDüèÆüêç‰πôÂ∑≥üêç,whyyoutry,4,9fa39de2-5b30-4e17-a27a-72b995148552,1,2025-02-05 16:24:11.117+00,2025-02-05 13:04:44.097+00,0,"[0,1,1,0,1,1,0,0,0,1,0,0]","[[],[""scale""],[""roll type"",""celltype""],[],[""memorial""],[""diverse""],[],[],[],[""infer""],[],[]]","[10,9,8,10,9,9,10,10,10,9,10,10]","[[0,0,0,0],[0,0,0,0,0],[0,0,0,0,0,0,0,0,0],[1,0,0,0,0,0],[0,0,0],[0,0,0,0,0,0,0,0,0],[0,0],[0,0,0,0,0],[0,0,0],[0],[0,0,0,0],[0,0,0,0,0,0,0]]"
301,ÂçïÊâìÁã¨Êñó,!@#$%^&*(),0,289651b8-8e12-464e-9138-d0d520155ff7,0,,2025-02-05 14:39:09.486+00,50,"[0,0,0,0,0,0,0,0,0,0,0,0]","[[],[],[],[],[],[],[],[],[],[],[],[]]","[10,10,10,10,10,10,10,10,10,10,10,10]","[[1,0,0,0],[0,0,0,0,0],[0,0,0,0,0,0,0,0,0],[0,0,0,0,0,0],[0,0,0],[0,0,0,0,0,0,0,0,0],[0,0],[0,0,0,0,0],[0,0,0],[0],[0,0,0,0],[0,0,0,0,0,0,0]]"
311,Êü•ÁêÜ8‰∏ñ,zay040914,1,6b2df9de-e4c7-4a6c-86f9-6649c60953d2,0,2025-02-05 15:23:34+00,2025-02-05 13:03:11.532+00,1350,"[1,0,0,0,0,0,0,0,0,0,0,0]","[[""channel"",""plains""],[],[""practice"",""practise"",""treatise"",""relative"",""talented"",""politest""],[],[],[],[],[],[""perfect""],[],[],[]]","[8,10,4,10,10,10,10,10,9,10,10,10]","[[1,0,0,0],[0,0,0,0,0],[0,0,0,1,0,1,0,0,0],[0,0,0,0,0,0],[0,0,0],[0,0,0,0,0,0,0,0,0],[0,0],[0,0,0,0,0],[1,0,0],[0],[0,0,0,0],[0,0,0,0,0,0,0]]"
316,ËßÇ‰ºóÂ∏≠,13002600,0,08a1d3c9-4e83-4953-a067-23ca4cc15daf,0,,2025-02-05 13:07:38.239+00,1550,"[0,0,0,0,0,0,0,0,0,0,0,0]","[[],[],[],[],[],[],[],[],[],[],[],[]]","[10,10,10,10,10,10,10,10,10,10,10,10]","[[1,1,0,0],[0,0,0,0,1],[0,0,0,0,0,0,0,0,0],[0,0,0,0,0,0],[0,0,0],[0,0,0,0,0,0,0,0,0],[0,0],[0,0,0,0,0],[0,0,0],[0],[0,0,0,0],[0,0,0,0,0,0,0]]"
317,ÂªÉËÄÅÂíåÊúàËÄÅÂíå‰ªñ‰ª¨ÁöÑËõáËõáÁ≤â‰∏ùËÄÅÂ∏à‰ª¨Â∏àÂ∏àhuntÂ∏¶Â∏¶Êàë,onegai,8,7e3e31bf-935c-439d-bd66-a8137497865b,2,2025-02-05 19:13:43.35+00,2025-02-05 13:02:07.292+00,2060,"[1,1,1,1,1,1,1,1,1,1,0,0]","[[""tissue"",""tissue"",""tissue"","""",""plains""],[""scale""],[""unique"",""celltype""],[""cabbage"",""decide"",""decade"",""facade"",""acidic"",""facade"",""accede""],[""memorial""],[""america"",""ayyubid"",""divulge"",""rivulet"",""advance"",""airforce"",""divorce"",""diverse""],[""testify""],[""forever""],[],[""iheap"",""great"",""snipe"",""infap"",""infep"",""infer""],[],[]]","[5,9,8,3,9,2,9,9,10,4,10,10]","[[0,1,0,0],[0,0,0,0,0],[0,0,0,0,0,0,0,0,0],[1,0,0,0,0,1],[0,0,0],[0,1,0,0,0,0,0,0,0],[0,0],[0,0,0,0,0],[0,0,0],[0],[1,0,0,0],[1,0,1,0,1,0,0]]"
318,pizzahunter!,efzzzy,0,bb5538f1-c434-484e-a2d9-574c4364199b,0,,2025-02-05 13:01:59.668+00,50,"[0,0,0,0,0,0,0,0,0,0,0,0]","[[],[""loong""],[],[],[],[],[],[],[],[],[],[]]","[10,9,10,10,10,10,10,10,10,10,10,10]","[[1,0,0,0],[0,0,0,0,0],[0,0,0,0,0,0,0,0,0],[0,0,0,0,0,0],[0,0,0],[0,0,0,0,0,0,0,0,0],[0,0],[0,0,0,0,0],[0,0,0],[0],[0,0,0,0],[0,0,0,0,0,0,0]]"
321,Á®†ÁéØËä≥ÁÉÉ,pahs2023,4,d0164e08-3e4c-4087-8e79-e7ded13bdcb9,2,2025-02-05 14:25:57+00,2025-02-05 13:04:29.698+00,0,"[0,1,1,0,1,1,0,0,1,1,0,0]","[[],[""scale""],[""cell type"",""celltype""],[],[""memorial""],[""diverse""],[],[],[""unique""],[""infer""],[],[]]","[10,9,8,10,9,9,10,10,9,9,10,10]","[[0,0,0,0],[0,0,0,0,0],[0,0,0,0,0,0,0,0,0],[1,0,0,0,0,0],[0,0,0],[0,0,0,0,0,0,0,0,0],[0,0],[0,0,0,0,0],[0,0,0],[0],[0,0,0,0],[0,0,0,0,0,0,0]]"
322,Greedy Tiger,CN49pk5j,0,827a9b41-5e00-481a-b8ff-8c6b515916e2,0,,2025-02-05 16:00:20.397+00,0,"[0,0,0,0,0,0,0,0,0,0,0,0]","[[],[],[],[],[],[],[],[],[],[],[],[]]","[10,10,10,10,10,10,10,10,10,10,10,10]","[[0,0,0,0],[0,0,0,0,0],[0,0,0,0,0,0,0,0,0],[0,0,0,0,0,0],[0,0,0],[0,0,0,0,0,0,0,0,0],[0,0],[0,0,0,0,0],[0,0,0],[0],[0,0,0,0],[0,0,0,0,0,0,0]]"
323,Nameless,shinwmyste,2,6a1f8e8e-4a0f-4356-8036-608f54b75ca5,1,2025-02-05 14:19:52+00,2025-02-05 13:03:20.262+00,1050,"[0,1,1,0,0,0,0,0,0,1,0,0]","[[],[""scale""],[""celltype""],[],[],[],[],[],[],[""infer""],[],[]]","[10,9,9,10,10,10,10,10,10,9,10,10]","[[1,0,0,0],[0,0,0,0,0],[0,0,0,0,0,0,0,0,0],[1,0,0,0,0,0],[0,1,0],[0,0,0,0,0,0,0,0,0],[0,0],[0,0,0,0,0],[0,0,0],[0],[0,0,0,0],[0,0,0,0,0,0,0]]"
329,üê±üê∂,dongdong,2,47b359b0-f8c6-4eab-a9bf-04c937cdc784,1,2025-02-05 18:40:54.725+00,2025-02-05 13:11:17.587+00,1350,"[1,0,1,0,0,0,0,0,0,1,0,0]","[[""plains""],[],[""collapse"",""telltale"",""teletype"",""celltype""],[],[],[],[],[],[""resume""],[""finep"",""infep"",""infer""],[],[]]","[9,10,6,10,10,10,10,10,9,7,10,10]","[[1,1,0,0],[0,0,0,0,0],[1,0,0,0,0,0,1,0,0],[1,0,0,0,0,0],[0,0,0],[0,0,0,0,0,0,0,0,0],[0,0],[0,0,0,0,0],[0,0,0],[0],[0,0,0,0],[0,0,0,0,0,0,0]]"
336,Áü©Èòµ,159357,0,baa19492-ee1f-4e7b-9cce-96643ff7f15d,0,,,0,"[0,0,0,0,0,0,0,0,0,0,0,0]","[[],[],[],[],[],[],[],[],[],[],[],[]]","[10,10,10,10,10,10,10,10,10,10,10,10]","[[0,0,0,0],[0,0,0,0,0],[0,0,0,0,0,0,0,0,0],[0,0,0,0,0,0],[0,0,0],[0,0,0,0,0,0,0,0,0],[0,0],[0,0,0,0,0],[0,0,0],[0],[0,0,0,0],[0,0,0,0,0,0,0]]"
343,‰∏çÂ¶ÇÂêÉÂçàÈ•≠,PBL,8,183c4720-b5d6-4fb4-96a4-532ec0f3262d,1,2025-02-05 20:47:57.632+00,2025-02-05 13:04:04.619+00,2300,"[1,1,1,1,1,1,1,1,0,1,0,0]","[[""hacking"",""shaking"",""hackign"",""gouache"",""plains""],[""scale""],[""teletype"",""celltype""],[""accent"",""accede""],[""mutualism"",""memorial""],[""divider"",""divorce"",""dialect"",""defence"",""disease"",""diverse""],[""testify""],[""forever""],[],[""infer""],[],[]]","[5,9,8,8,8,4,9,9,10,9,10,10]","[[0,1,0,1],[0,0,0,0,0],[0,0,0,0,0,0,0,0,0],[1,0,0,0,0,0],[0,0,0],[0,0,0,0,0,0,0,0,0],[1,0],[0,0,0,0,0],[0,0,0],[0],[0,0,0,0],[0,0,0,0,0,0,0]]"
346,Reviver,unknown,7,82ac510a-98a8-4218-b918-1c5655859f56,1,2025-02-05 17:53:01.368+00,2025-02-05 13:01:52.386+00,3500,"[1,1,1,0,1,1,1,1,0,1,0,0]","[[""plains""],[""scale""],[""geoglyph"",""teletype"",""delotypa"",""cell type"",""celltype""],[""decide""],[""meantime"",""memorize"",""memorial""],[""jupiter"",""replace"",""diploma"",""diverse""],[""testify""],[""forever""],[],[""snipe"",""infer""],[],[]]","[9,9,5,9,7,6,9,9,10,8,10,10]","[[0,0,1,1],[0,0,0,0,0],[0,0,0,0,0,0,0,0,0],[1,0,0,0,0,0],[0,0,0],[0,1,0,0,0,0,0,0,0],[0,1],[0,0,0,0,0],[0,0,0],[0],[0,0,0,0],[0,0,0,0,0,0,0]]"
350,Âì•‰º¶ÊØî‰∫öËÅîÂêàÁªÑ,gbccug#:+c,2,19e27e7d-d69b-4839-b437-d079e83d5168,1,2025-02-05 15:16:51+00,2025-02-05 13:36:52.489+00,1310,"[1,0,1,0,0,0,0,0,0,1,0,0]","[[""PLAIN"",""PLAINS"",""Âπ≥Âéü"",""plains""],[""2"",""wasd"",""gudduz""],[""teletype"",""teletype"",""teletype"",""celltype""],[""""],[""division"",""ËÄÅÂ§©Áà∑Ë°åË°åÂ•ΩËÆ©ÊàëÁàÜ‰∏Ä‰∏™Âá∫Êù•Âêß"",""separate"",""separate"",""conflict""],[],[],[],[],[""ineep"",""ineer"",""infep"",""infer""],[],[]]","[6,7,6,9,15,10,10,10,10,6,10,10]","[[0,0,0,0],[1,0,0,0,0],[0,0,0,0,0,0,0,0,0],[1,0,1,0,0,1],[0,0,0],[0,0,0,0,0,0,0,0,0],[0,0],[0,0,0,0,0],[0,0,0],[0],[0,0,0,0],[0,0,0,0,0,0,0]]"
353,bzd,bzd secopuzzle,0,00a366ed-61e0-4bc8-a922-155c39f4aa86,0,,,0,"[0,0,0,0,0,0,0,0,0,0,0,0]","[[],[],[],[],[],[],[],[],[],[],[],[]]","[10,10,10,10,10,10,10,10,10,10,10,10]","[[0,0,0,0],[0,0,0,0,0],[0,0,0,0,0,0,0,0,0],[0,0,0,0,0,0],[0,0,0],[0,0,0,0,0,0,0,0,0],[0,0],[0,0,0,0,0],[0,0,0],[0],[0,0,0,0],[0,0,0,0,0,0,0]]"
354,‰∏ç‰ºöËµ∑ÂêçÈÇ£ÈòüÂêçÂ∞±Âè´Êàë‰∏çÁü•ÈÅìÂ•Ω‰∫Ü,bzdbzd,0,843cbc3d-5fbd-42ac-9db2-a8ec32260b37,0,,2025-02-05 13:05:34.097+00,50,"[0,0,0,0,0,0,0,0,0,0,0,0]","[[],[],[],[],[],[],[],[],[],[],[],[]]","[10,10,10,10,10,10,10,10,10,10,10,10]","[[1,0,0,0],[0,0,0,0,0],[0,0,0,0,0,0,0,0,0],[0,0,0,0,0,0],[0,0,0],[0,0,0,0,0,0,0,0,0],[0,0],[0,0,0,0,0],[0,0,0],[0],[0,0,0,0],[0,0,0,0,0,0,0]]"
355,ÔºüÔºüÔºüÈòü,itspuzzlehunt,2,f81f5df1-2984-4847-9217-d3a6d22fe1c7,0,2025-02-05 15:03:53.956+00,2025-02-05 13:02:43.086+00,0,"[0,1,1,0,0,0,0,0,0,0,0,0]","[[],[""was"",""scane"",""scare"",""scale""],[""holotype"",""countyof"",""cell type"",""celltype""],[],[],[],[],[],[],[],[],[]]","[10,6,6,10,10,10,10,10,10,10,10,10]","[[0,0,0,0],[0,0,0,0,0],[0,0,0,0,0,0,0,0,0],[1,0,0,0,0,0],[0,0,0],[0,0,0,0,0,0,0,0,0],[0,0],[0,0,0,0,0],[0,0,0],[0],[0,0,0,0],[0,0,0,0,0,0,0]]"
356,Áå´Â§¥,xnkl,2,1c2f8052-896a-4c01-906a-5b3f215cd2d2,1,2025-02-05 14:03:16+00,2025-02-05 13:13:19.333+00,0,"[0,1,1,0,0,0,0,0,0,1,0,0]","[[""scale""],[""scale""],[""teletype"",""celltype""],[],[],[],[],[],[],[""infer""],[],[]]","[9,9,8,10,10,10,10,10,10,9,10,10]","[[0,0,0,0],[0,0,0,0,0],[0,0,0,0,0,0,0,0,0],[1,0,0,0,0,0],[0,0,0],[0,0,0,0,0,0,0,0,0],[0,0],[0,0,0,0,0],[0,0,0],[0],[0,0,0,0],[0,0,0,0,0,0,0]]"
357,Â§çÂÅ•,Chords,0,a6dc091f-9785-4af6-9d46-fd503b6a0259,0,,2025-02-05 13:34:56.866+00,0,"[0,0,0,0,0,0,0,0,0,0,0,0]","[[],[],[],[],[],[],[],[],[],[],[],[]]","[10,10,10,10,10,10,10,10,10,10,10,10]","[[0,0,0,0],[0,0,0,0,0],[0,0,0,0,0,0,0,0,0],[0,0,0,0,0,0],[0,0,0],[0,0,0,0,0,0,0,0,0],[0,0],[0,0,0,0,0],[0,0,0],[0],[0,0,0,0],[0,0,0,0,0,0,0]]"
361,ÂÖªËÄÅÈô¢ÊÑèË¢´Á∫∏‰πêÈòü,184club,5,0fb15c3a-96fc-40ec-a3bf-b2f7e603ce0b,1,2025-02-05 16:39:04.391+00,2025-02-05 13:12:12.744+00,450,"[1,1,1,0,1,1,0,0,0,1,0,0]","[[""plains""],[""scane"",""scale""],[""genotype"",""genetype"",""celltype""],[],[""memorial""],[""diverse""],[],[],[],[""sheep"",""infer""],[],[]]","[9,8,7,10,9,9,10,10,10,8,10,10]","[[1,0,0,0],[0,0,0,0,0],[0,0,0,0,0,0,0,0,0],[1,0,1,0,0,0],[0,0,0],[0,1,0,0,0,0,0,0,0],[0,0],[0,0,0,0,0],[0,0,0],[0],[0,0,0,0],[0,0,0,0,0,0,0]]"
363," ",abbb123,0,8e9c3d83-5ee1-46d8-bdc1-777b47eaa68d,0,,2025-02-05 14:47:47.864+00,10,"[0,0,0,0,0,0,0,0,0,0,0,0]","[[""elk""],[],[],[],[],[],[],[],[],[],[],[]]","[9,10,10,10,10,10,10,10,10,10,10,10]","[[0,0,0,0],[1,0,0,0,0],[0,0,0,0,0,0,0,0,0],[0,0,0,0,0,0],[0,0,0],[0,0,0,0,0,0,0,0,0],[0,0],[0,0,0,0,0],[0,0,0],[0],[0,0,0,0],[0,0,0,0,0,0,0]]"
368,ÈáçÂäõÂä†ÈÄüÂ∫¶,GravityPlusVelocity,4,755bc1cf-ada8-4bc2-b087-c69679c644f0,1,2025-02-05 18:20:45+00,2025-02-05 13:07:09.308+00,1450,"[1,1,1,0,0,1,0,0,0,1,0,0]","[[""goblind"",""bolding"",""blindgo"",""plains""],[""scale""],[""celltype""],[],[],[""diverse""],[],[],[],[""ihear"",""cheap"",""infap"",""infep"",""infer""],[],[]]","[6,9,9,10,10,9,10,10,10,5,10,10]","[[1,0,1,0],[0,0,0,0,0],[0,0,0,0,0,0,0,0,0],[1,0,0,0,0,0],[0,0,0],[0,1,0,0,0,0,0,0,0],[0,0],[0,0,0,0,0],[1,0,0],[0],[0,0,0,0],[0,0,0,0,0,0,0]]"
369,Aronfrim Pioneer Hotel üïä,aphwhenmaybe2026,4,a0466936-09e5-46a5-908d-be147d3bcfcb,2,2025-02-05 16:48:18.007+00,2025-02-05 13:03:28.131+00,100,"[1,1,1,0,0,1,0,0,1,1,0,0]","[[""plains""],[""scale""],[""deployed"",""cell type"",""celltype""],[],[],[""silence"",""licence"",""diverse""],[],[],[""unique""],[""infer""],[],[]]","[9,9,7,10,10,7,10,10,9,9,10,10]","[[0,0,0,0],[0,0,0,0,0],[0,0,0,0,0,0,0,0,0],[1,0,0,0,0,0],[0,0,0],[0,1,0,0,0,0,0,0,0],[0,0],[0,0,0,0,0],[0,0,0],[0],[0,0,0,0],[0,0,0,0,0,0,0]]"
371,Â§©Â†ÇÂ≤õÂú®Ê¨¢Â∫¶Êò•ËäÇÁöÑÊó∂ÂÄôÁ™ÅÁÑ∂ÂèëÁé∞‰∫ÜËøô‰∏™ph‰∫éÊòØ‰æø‰∏¥Êó∂ÁªÑ‰∫Ü‰∏Ä‰∏™Â∞èÈòüÊù•ÂèÇÂä†ÔºåÈõÖÂêÑÂ∏ÉÈ¢ÜË°î‰∏ªÊºî,rustylake,4,f56dfde0-7ee1-4eb1-833d-bffa78e95ae6,1,2025-02-05 16:44:35.201+00,2025-02-05 13:33:43.687+00,600,"[0,1,1,0,1,1,0,0,0,1,0,0]","[[],[""scale""],[""teletype"",""celltype""],[],[""memorial""],[""diptych"",""diverse""],[],[],[],[""infep"",""infer""],[],[]]","[10,9,8,10,9,8,10,10,10,8,10,10]","[[0,1,0,0],[0,0,0,0,0],[0,0,0,0,0,0,0,0,0],[1,0,0,0,0,0],[0,0,0],[0,1,0,0,0,0,0,0,0],[0,0],[0,0,0,0,0],[0,0,0],[0],[0,0,0,0],[0,0,0,0,0,0,0]]"
372,ËèúÈ∏°‰∫íÂïÑ„ÅÆÈ´òÊ†° Null.0@ËõáËõáÁï™Â§ñÁâà,Fishburger,1,44d4e758-edf8-4b80-804f-f1f20ad3ef7a,0,2025-02-05 15:52:53.34+00,2025-02-05 13:07:47.369+00,50,"[0,1,0,0,0,0,0,0,0,0,0,0]","[[],[""scale""],[],[],[],[],[],[],[],[],[],[]]","[10,9,10,10,10,10,10,10,10,10,10,10]","[[1,0,0,0],[0,0,0,0,0],[0,0,0,0,0,0,0,0,0],[0,0,0,0,0,0],[0,0,0],[0,0,0,0,0,0,0,0,0],[0,0],[0,0,0,0,0],[0,0,0],[0],[0,0,0,0],[0,0,0,0,0,0,0]]"
376,Êµ∑ÊãâÈ≤ÅÈáéÁÇäÁªÑ,hyrule,2,36ffeeb1-4508-4138-beed-b73e43ec5285,0,2025-02-05 15:47:42.836+00,2025-02-05 13:20:30.278+00,0,"[1,0,1,0,0,0,0,0,0,0,0,0]","[[""plains""],[],[""celltype""],[],[],[],[],[],[],[],[],[]]","[9,10,9,10,10,10,10,10,10,10,10,10]","[[0,0,0,0],[0,0,0,0,0],[0,0,0,0,0,0,0,0,0],[1,0,0,0,0,0],[0,0,0],[0,0,0,0,0,0,0,0,0],[0,0],[0,0,0,0,0],[0,0,0],[0],[0,0,0,0],[0,0,0,0,0,0,0]]"
377,lyNia,lyNia,0,744b6804-dcba-41ce-a2bb-efc4446f4fcd,0,,2025-02-05 13:01:40.273+00,0,"[0,0,0,0,0,0,0,0,0,0,0,0]","[[],[""awsd""],[],[],[],[],[],[],[],[],[],[]]","[10,9,10,10,10,10,10,10,10,10,10,10]","[[0,0,0,0],[0,0,0,0,0],[0,0,0,0,0,0,0,0,0],[0,0,0,0,0,0],[0,0,0],[0,0,0,0,0,0,0,0,0],[0,0],[0,0,0,0,0],[0,0,0],[0],[0,0,0,0],[0,0,0,0,0,0,0]]"
378,0v0,ÔΩû,0,c7434949-18a7-45c2-9e93-5ea2242543cd,0,,2025-02-05 13:51:12.187+00,0,"[0,0,0,0,0,0,0,0,0,0,0,0]","[[],[],[],[],[],[],[],[],[],[],[],[]]","[10,10,10,10,10,10,10,10,10,10,10,10]","[[0,0,0,0],[0,0,0,0,0],[0,0,0,0,0,0,0,0,0],[0,0,0,0,0,0],[0,0,0],[0,0,0,0,0,0,0,0,0],[0,0],[0,0,0,0,0],[0,0,0],[0],[0,0,0,0],[0,0,0,0,0,0,0]]"
379,‰∏ç‰ºöËµ∑ÂêçÂ≠ó,beyond,0,3d4d0c7c-3de8-47c0-b149-a1e9528bfcce,0,,2025-02-05 14:06:20.941+00,560,"[0,0,0,0,0,0,0,0,0,0,0,0]","[[],[],[],[],[],[],[],[],[],[],[],[]]","[10,10,10,10,10,10,10,10,10,10,10,10]","[[1,1,0,0],[1,0,0,0,0],[0,0,0,0,0,0,0,0,0],[0,0,0,0,0,0],[0,0,0],[0,0,0,0,0,0,0,0,0],[0,0],[0,0,0,0,0],[0,0,0],[0],[0,0,0,0],[0,0,0,0,0,0,0]]"
380,ËßÇÂÖâing‚Ä¶‚Ä¶,Êó¢ÁÑ∂Ê≤°Êó∂Èó¥ÈÇ£Â∞±ÁúãÁúãÈ¢ò,0,656b399d-fc33-4bca-8cc8-5561d7c9b95f,0,,2025-02-05 13:06:17.476+00,50,"[0,0,0,0,0,0,0,0,0,0,0,0]","[[],[""loong""],[],[],[],[],[],[],[],[],[],[]]","[10,9,10,10,10,10,10,10,10,10,10,10]","[[1,0,0,0],[0,0,0,0,0],[0,0,0,0,0,0,0,0,0],[0,0,0,0,0,0],[0,0,0],[0,0,0,0,0,0,0,0,0],[0,0],[0,0,0,0,0],[0,0,0],[0],[0,0,0,0],[0,0,0,0,0,0,0]]"
381,dienowteam,dienow0103,3,6e9b0480-d14a-4c67-b849-eb0822ff2654,1,2025-02-05 17:22:46.779+00,2025-02-05 13:47:38.263+00,1550,"[0,1,1,0,1,0,0,0,0,1,0,0]","[[""catfur""],[""SCALE"",""scale""],[""holotype"",""teletype"",""celltype""],[],[""memorial""],[],[],[],[""carapd""],[""shape"",""infer""],[""e4007f"",""berryboost"",""emeraldicepalace""],[]]","[9,8,7,10,9,10,10,10,9,8,7,10]","[[1,0,0,0],[0,0,0,0,0],[1,0,0,0,0,0,0,0,0],[1,0,1,0,0,0],[0,0,0],[1,1,0,0,0,0,0,0,0],[0,0],[0,0,0,0,0],[0,1,0],[1],[0,1,0,0],[0,0,0,0,0,0,0]]"
385,Afterphysics,wsnbb,0,5a8a1d31-aba4-481b-9f0c-0d56b7fa5fb1,0,,2025-02-05 13:16:32.959+00,50,"[0,0,0,0,0,0,0,0,0,0,0,0]","[[],[],[],[],[],[],[],[],[],[],[],[]]","[10,10,10,10,10,10,10,10,10,10,10,10]","[[1,0,0,0],[0,0,0,0,0],[0,0,0,0,0,0,0,0,0],[0,0,0,0,0,0],[0,0,0],[0,0,0,0,0,0,0,0,0],[0,0],[0,0,0,0,0],[0,0,0],[0],[0,0,0,0],[0,0,0,0,0,0,0]]"
387,Â±é,no2,7,dab1490f-cc4e-48e1-9adf-884671b391fb,1,2025-02-05 18:18:57.398+00,2025-02-05 13:44:11.539+00,1050,"[1,1,1,0,1,1,1,1,0,0,0,1]","[[""PLAINS"",""plains""],[""scale""],[""teledyne"",""teletype"",""text type"",""teletype"",""tell type"",""tells you"",""celltype""],[],[""memorial""],[""superba"",""surname"",""diverse""],[""testify""],[""forever""],[],[""ineap"",""infap"",""inlap"",""infep"",""inflp""],[],[""Âí¨ÊñáÂöºÂ≠ó""]]","[8,9,3,10,9,7,9,9,10,5,10,9]","[[1,0,0,0],[0,0,0,0,0],[0,0,0,0,0,0,0,0,0],[1,0,0,0,0,0],[0,0,0],[0,1,0,0,0,0,0,0,0],[0,1],[0,0,0,0,0],[0,0,0],[0],[0,0,0,0],[0,0,0,0,0,0,0]]"
392,ÁúãÁúã‰Ω†ÁöÑ,cancanneed,0,818cbae3-1b83-45ec-8357-820b3971338c,0,,2025-02-05 14:34:15.388+00,50,"[0,0,0,0,0,0,0,0,0,0,0,0]","[[],[],[],[],[],[],[],[],[],[],[],[]]","[10,10,10,10,10,10,10,10,10,10,10,10]","[[1,0,0,0],[0,0,0,0,0],[0,0,0,0,0,0,0,0,0],[0,0,0,0,0,0],[0,0,0],[0,0,0,0,0,0,0,0,0],[0,0],[0,0,0,0,0],[0,0,0],[0],[0,0,0,0],[0,0,0,0,0,0,0]]"
397,502b,502b502b,0,be90eabd-9b51-4f71-ae98-8ef0d8faa749,0,,2025-02-05 13:10:34.567+00,60,"[0,0,0,0,0,0,0,0,0,0,0,0]","[[""Âè≥Âè≥Âè≥‰∏äÂè≥Âè≥‰∏ãÂè≥‰∏ä‰∏äÂ∑¶‰∏ä‰∏äÂ∑¶‰∏äÂ∑¶"",""season""],[],[],[],[],[],[],[],[],[],[],[]]","[8,10,10,10,10,10,10,10,10,10,10,10]","[[1,0,0,0],[1,0,0,0,0],[0,0,0,0,0,0,0,0,0],[0,0,0,0,0,0],[0,0,0],[0,0,0,0,0,0,0,0,0],[0,0],[0,0,0,0,0],[0,0,0],[0],[0,0,0,0],[0,0,0,0,0,0,0]]"
399,maipÂ§ßËàûÂè∞,99,0,feef19ab-086e-457c-92b5-9c6737a24e62,0,,,0,"[0,0,0,0,0,0,0,0,0,0,0,0]","[[],[],[],[],[],[],[],[],[],[],[],[]]","[10,10,10,10,10,10,10,10,10,10,10,10]","[[0,0,0,0],[0,0,0,0,0],[0,0,0,0,0,0,0,0,0],[0,0,0,0,0,0],[0,0,0],[0,0,0,0,0,0,0,0,0],[0,0],[0,0,0,0,0],[0,0,0],[0],[0,0,0,0],[0,0,0,0,0,0,0]]"
400,deepseekËá™Âä®Ëß£Ë∞ú,deepseek,5,bc7734a0-367c-4d8a-8d2d-ee10358dda86,1,2025-02-05 19:04:31.024+00,2025-02-05 13:27:19.039+00,1420,"[1,1,1,0,1,1,0,0,0,1,0,0]","[[""season"",""plains""],[""scale""],[""employee"",""catalyze"",""teletype"",""celltype""],[],[""memorial""],[""diverse""],[],[],[],[""rifle"",""sxfep"",""infer""],[],[]]","[8,9,6,10,9,9,10,10,10,7,10,10]","[[0,0,1,0],[1,0,0,0,0],[0,0,0,0,0,0,0,0,0],[1,0,0,0,0,0],[0,0,0],[0,1,0,0,0,0,0,0,0],[1,0],[0,0,0,0,0],[0,0,0],[0],[0,0,0,0],[1,0,0,0,0,0,0]]"
404,ËßÇÂÖâÈòü,üêçüêçüêç,1,1e3a5f77-f748-47f0-9a50-522b60e3d662,0,2025-02-05 13:57:53.239+00,2025-02-05 13:03:03.606+00,500,"[0,1,0,0,0,0,0,0,0,0,0,0]","[[],[""scald"",""scale""],[""teletype"",""teledyne"",""teletype""],[],[],[],[],[],[],[],[],[]]","[10,8,7,10,10,10,10,10,10,10,10,10]","[[0,0,0,0],[0,0,0,0,0],[0,0,0,0,0,0,0,1,0],[0,0,0,0,0,0],[0,0,0],[0,0,0,0,0,0,0,0,0],[0,0],[0,0,0,0,0],[0,0,0],[0],[0,0,0,0],[0,0,0,0,0,0,0]]"
407,ÁΩëÁ´ô‰∏çÁàÜÁÇ∏Êàë‰ª¨‰∏çÊîæÂÅá,qR235Tm103,8,0b30de38-6a75-4ede-9171-a280b39c3027,3,2025-02-05 18:09:30.431+00,2025-02-05 13:03:15.277+00,1460,"[1,1,1,1,1,1,1,1,1,1,1,0]","[[""shaking"",""snaking"",""habit"",""plains""],[""scald"",""scale""],[""teletype"",""celltype""],[""accede""],[""memorial""],[""diverse""],[""forever"",""festive"",""destiny"",""testify""],[""forever""],[""season"",""square"",""unique""],[""grape"",""cheap"",""sheep"",""infer""],[""8e2323"",""calico"",""silico"",""calise"",""calico"",""calite""],[]]","[6,8,8,9,9,9,6,9,7,6,4,10]","[[0,0,1,0],[0,0,0,0,0],[0,0,0,0,0,0,0,0,0],[1,0,0,0,0,0],[0,0,0],[0,1,0,0,0,0,0,0,0],[0,0],[0,0,0,0,0],[0,0,0],[0],[0,1,0,0],[1,0,1,0,0,0,0]]"
411,plasticine,1145141919810,0,349f4cbc-446a-4347-bd88-cbf9b3b00013,0,,,0,"[0,0,0,0,0,0,0,0,0,0,0,0]","[[],[],[],[],[],[],[],[],[],[],[],[]]","[10,10,10,10,10,10,10,10,10,10,10,10]","[[0,0,0,0],[0,0,0,0,0],[0,0,0,0,0,0,0,0,0],[0,0,0,0,0,0],[0,0,0],[0,0,0,0,0,0,0,0,0],[0,0],[0,0,0,0,0],[0,0,0],[0],[0,0,0,0],[0,0,0,0,0,0,0]]"
413,STAPLES,1145141919,0,2310ee6c-c95b-44d2-b12e-d95e77f046cb,0,,2025-02-05 13:13:21.231+00,50,"[0,0,0,0,0,0,0,0,0,0,0,0]","[[],[],[],[],[],[],[],[],[],[],[],[]]","[10,10,10,10,10,10,10,10,10,10,10,10]","[[1,0,0,0],[0,0,0,0,0],[0,0,0,0,0,0,0,0,0],[0,0,0,0,0,0],[0,0,0],[0,0,0,0,0,0,0,0,0],[0,0],[0,0,0,0,0],[0,0,0],[0],[0,0,0,0],[0,0,0,0,0,0,0]]"
417,‰π±Ëπ¶‰π±Ë∑≥,LexicographicOrder,5,c965b74e-f8f7-4764-8fa0-e4ebfeb79322,1,2025-02-05 15:03:57+00,2025-02-05 13:03:36.833+00,1000,"[1,1,1,0,1,0,1,0,1,0,0,0]","[[""plains""],[""scale""],[""cell type"",""vellayan"",""belltype"",""welltype"",""teletype"",""velotype"",""celltype""],[],[""memorial""],[],[""testify""],[],[""UNIQUE"",""unique""],[],[],[]]","[9,9,3,10,9,10,9,10,8,10,10,10]","[[0,0,0,0],[0,0,0,0,0],[0,0,0,0,0,0,0,0,0],[1,0,1,0,1,0],[0,0,0],[1,0,0,0,0,0,0,0,0],[0,0],[0,0,0,0,0],[0,0,0],[0],[0,0,0,0],[0,0,0,0,0,0,0]]"
418,WaterFall,111111,0,ab69953a-0a7c-439c-bbd8-ee6a7a182fda,0,,2025-02-05 14:29:52.705+00,60,"[0,0,0,0,0,0,0,0,0,0,0,0]","[[],[],[],[],[],[],[],[],[],[],[],[]]","[10,10,10,10,10,10,10,10,10,10,10,10]","[[1,0,0,0],[1,0,0,0,0],[0,0,0,0,0,0,0,0,0],[0,0,0,0,0,0],[0,0,0],[0,0,0,0,0,0,0,0,0],[0,0],[0,0,0,0,0],[0,0,0],[0],[0,0,0,0],[0,0,0,0,0,0,0]]"
420,Kiau,Kiauiau,0,79d4c373-9039-4257-981a-773472622451,0,,,0,"[0,0,0,0,0,0,0,0,0,0,0,0]","[[],[],[],[],[],[],[],[],[],[],[],[]]","[10,10,10,10,10,10,10,10,10,10,10,10]","[[0,0,0,0],[0,0,0,0,0],[0,0,0,0,0,0,0,0,0],[0,0,0,0,0,0],[0,0,0],[0,0,0,0,0,0,0,0,0],[0,0],[0,0,0,0,0],[0,0,0],[0],[0,0,0,0],[0,0,0,0,0,0,0]]"
421,SegmaTree,nailoong,1,d5adb3bc-bfcf-424b-b196-a17ec94b85f4,0,2025-02-05 15:34:53.808+00,2025-02-05 13:14:14.413+00,550,"[1,0,0,0,0,0,0,0,0,0,0,0]","[[""plains""],[""sad""],[],[],[],[],[],[],[],[],[],[]]","[9,9,10,10,10,10,10,10,10,10,10,10]","[[1,1,0,0],[0,0,0,0,0],[0,0,0,0,0,0,0,0,0],[0,0,0,0,0,0],[0,0,0],[0,0,0,0,0,0,0,0,0],[0,0],[0,0,0,0,0],[0,0,0],[0],[0,0,0,0],[0,0,0,0,0,0,0]]"
422,‰∏öÂ∑≤Ê≠£‰∏ö,yyzy,0,15c89a99-6f90-4537-ad5f-a7c8dfaa6eef,0,,2025-02-05 14:59:23.656+00,0,"[0,0,0,0,0,0,0,0,0,0,0,0]","[[],[],[],[],[],[],[],[],[],[],[],[]]","[10,10,10,10,10,10,10,10,10,10,10,10]","[[0,0,0,0],[0,0,0,0,0],[0,0,0,0,0,0,0,0,0],[0,0,0,0,0,0],[0,0,0],[0,0,0,0,0,0,0,0,0],[0,0],[0,0,0,0,0],[0,0,0],[0],[0,0,0,0],[0,0,0,0,0,0,0]]"
423,Ê≤âÈªò‰πãÂ§ú,0721,0,e2484df0-1c17-4e8b-a5b7-e842b9940e06,0,,,0,"[0,0,0,0,0,0,0,0,0,0,0,0]","[[],[],[],[],[],[],[],[],[],[],[],[]]","[10,10,10,10,10,10,10,10,10,10,10,10]","[[0,0,0,0],[0,0,0,0,0],[0,0,0,0,0,0,0,0,0],[0,0,0,0,0,0],[0,0,0],[0,0,0,0,0,0,0,0,0],[0,0],[0,0,0,0,0],[0,0,0],[0],[0,0,0,0],[0,0,0,0,0,0,0]]"
424,NobodyThere,0d000721,0,7b679f1c-58ac-4376-bb3f-6cac530c945f,0,,2025-02-05 15:35:50.776+00,50,"[0,0,0,0,0,0,0,0,0,0,0,0]","[[],[],[],[],[],[],[],[],[],[],[],[]]","[10,10,10,10,10,10,10,10,10,10,10,10]","[[1,0,0,0],[0,0,0,0,0],[0,0,0,0,0,0,0,0,0],[0,0,0,0,0,0],[0,0,0],[0,0,0,0,0,0,0,0,0],[0,0],[0,0,0,0,0],[0,0,0],[0],[0,0,0,0],[0,0,0,0,0,0,0]]"
426,ÁªôÁå´Èì≤Â±éÂéª‰∫Ü,77haokeai,0,fdbe86f7-4156-4bbd-971e-a0ebc85ea76a,0,,,0,"[0,0,0,0,0,0,0,0,0,0,0,0]","[[],[],[],[],[],[],[],[],[],[],[],[]]","[10,10,10,10,10,10,10,10,10,10,10,10]","[[0,0,0,0],[0,0,0,0,0],[0,0,0,0,0,0,0,0,0],[0,0,0,0,0,0],[0,0,0],[0,0,0,0,0,0,0,0,0],[0,0],[0,0,0,0,0],[0,0,0],[0],[0,0,0,0],[0,0,0,0,0,0,0]]"
427,Superb Sphinx Slayer,4mor2aft3eve,4,fb4d7b4d-8e4d-4d4f-817e-646f1ce8b339,0,2025-02-05 17:04:41.217+00,2025-02-05 13:01:34.097+00,600,"[1,1,1,0,1,0,0,0,0,0,0,0]","[[""plains""],[""scale""],[""teletype"",""teledyne"",""telltype"",""celltype""],[],[""memorial""],[],[],[],[],[],[],[]]","[9,9,6,10,9,10,10,10,10,10,10,10]","[[0,1,0,0],[0,0,0,0,0],[0,0,0,0,0,0,0,0,0],[1,0,0,0,0,0],[0,0,0],[0,1,0,0,0,0,0,0,0],[0,0],[0,0,0,0,0],[0,0,0],[0],[0,0,0,0],[0,0,0,0,0,0,0]]"
428,ÈòüÂêçÂåÖÂê´‰∏çÈÄÇÂÆúÂÜÖÂÆπ,inappropriate2025,6,5a7ad392-0c4b-4822-8d75-0f672e2ed764,2,2025-02-05 16:52:19.097+00,2025-02-05 13:02:49.004+00,400,"[1,1,1,0,1,1,0,1,1,1,0,0]","[[""plains""],[""scale""],[""holotype"",""cold type"",""coldtype"",""celltype""],[],[""material"",""memorial""],[""diverse""],[],[""forever""],[""unique""],[""infer""],[],[]]","[9,9,6,10,8,9,10,9,9,9,10,10]","[[0,0,0,0],[0,0,0,0,0],[0,0,0,0,0,0,0,0,0],[1,1,0,0,0,0],[0,0,0],[0,1,0,0,0,0,0,0,0],[0,0],[0,0,0,0,0],[0,0,0],[0],[0,0,0,0],[0,0,0,0,0,0,0]]"
430,taffyhunt,Â§©Áª´Áª´Âú∞ÂÆÅÂÆÅ,1,88436a3e-bf1f-4df8-abf2-a8abf95bc181,0,2025-02-05 15:45:10.478+00,2025-02-05 14:04:59.75+00,350,"[0,1,0,0,0,0,0,0,0,0,0,0]","[[],[""scale""],[],[],[],[],[],[],[],[],[],[]]","[10,9,10,10,10,10,10,10,10,10,10,10]","[[1,0,0,0],[0,0,0,0,0],[1,0,0,0,0,0,0,0,0],[0,0,0,0,0,0],[0,0,0],[0,0,0,0,0,0,0,0,0],[0,0],[0,0,0,0,0],[0,0,0],[0],[0,0,0,0],[0,0,0,0,0,0,0]]"
431,Ëá™Áß∞ÁâπÂà´ÊêúÈ¢òÈòü,daimao,1,59117c17-a909-4d0d-94c6-4c42fa103b2f,0,2025-02-05 15:43:02.132+00,2025-02-05 13:03:38.184+00,500,"[0,1,0,0,0,0,0,0,0,0,0,0]","[[],[""scale""],[],[],[],[],[],[],[],[],[],[]]","[10,9,10,10,10,10,10,10,10,10,10,10]","[[0,1,0,0],[0,0,0,0,0],[0,0,0,0,0,0,0,0,0],[0,0,0,0,0,0],[0,0,0],[0,0,0,0,0,0,0,0,0],[0,0],[0,0,0,0,0],[0,0,0],[0],[0,0,0,0],[0,0,0,0,0,0,0]]"
432,TJUËß£Ë∞úÂ∞èÈòü,1907tj,0,0630450b-cf18-4680-a9e3-8dc206f7ea13,0,,,0,"[0,0,0,0,0,0,0,0,0,0,0,0]","[[],[],[],[],[],[],[],[],[],[],[],[]]","[10,10,10,10,10,10,10,10,10,10,10,10]","[[0,0,0,0],[0,0,0,0,0],[0,0,0,0,0,0,0,0,0],[0,0,0,0,0,0],[0,0,0],[0,0,0,0,0,0,0,0,0],[0,0],[0,0,0,0,0],[0,0,0],[0],[0,0,0,0],[0,0,0,0,0,0,0]]"
434,ÈòüÂêçË∂äÈïøÔºåËß£È¢òË∂äÂº∫ÔºÅËµ∑Âêç‰∏§Â∞èÊó∂ÔºåÂÅöÈ¢ò‰∫îÂàÜÈíüÔºå‰ΩÜÊ∞îÂäø‰∏äÂ∑≤ÁªèËµ¢‰∫ÜÂçä‰∏™ËõáËõáhunt,810975,0,cb846ed7-8e76-4d49-849c-d886e85e0ce3,0,,2025-02-05 13:08:14.351+00,1650,"[0,0,0,0,0,0,0,0,0,0,0,0]","[[""aseana"",""anoesa"",""114514191""],[],[],[],[],[],[],[],[],[],[],[]]","[7,10,10,10,10,10,10,10,10,10,10,10]","[[1,0,0,0],[0,1,1,0,0],[0,0,0,0,0,0,0,0,0],[0,0,0,0,0,0],[0,0,0],[0,0,0,0,0,0,0,0,0],[0,0],[0,0,0,0,0],[0,0,0],[0],[0,0,0,0],[0,0,0,0,0,0,0]]"
435,phphph,hphphp,0,a1328d40-a2da-4a10-b525-67b2bc459550,0,,,0,"[0,0,0,0,0,0,0,0,0,0,0,0]","[[],[],[],[],[],[],[],[],[],[],[],[]]","[10,10,10,10,10,10,10,10,10,10,10,10]","[[0,0,0,0],[0,0,0,0,0],[0,0,0,0,0,0,0,0,0],[0,0,0,0,0,0],[0,0,0],[0,0,0,0,0,0,0,0,0],[0,0],[0,0,0,0,0],[0,0,0],[0],[0,0,0,0],[0,0,0,0,0,0,0]]"
440,ÂØπÂØπÈòü,ÂïäÂØπÂØπÂØπ,2,03dbb8d7-6a6d-4e3e-8146-18bd4c655334,1,2025-02-05 16:43:45.899+00,2025-02-05 13:11:10.96+00,100,"[0,1,1,0,0,0,0,0,0,1,0,0]","[[],[""scale""],[""teletype"",""teletype"",""telltype"",""celltype""],[],[],[],[],[],[],[""infer""],[],[]]","[10,9,6,10,10,10,10,10,10,9,10,10]","[[0,0,0,0],[0,0,0,0,0],[0,0,0,0,0,0,0,0,0],[0,0,0,0,0,0],[0,0,0],[0,0,0,0,0,0,0,0,0],[0,0],[0,0,0,0,0],[0,0,0],[1],[0,0,0,0],[0,0,0,0,0,0,0]]"
442,qaqe308,qaqe308,0,013ea3a3-e5f8-4c03-99aa-aebb00dd16af,0,,2025-02-05 13:02:42.969+00,0,"[0,0,0,0,0,0,0,0,0,0,0,0]","[[],[],[],[],[],[],[],[],[],[],[],[]]","[10,10,10,10,10,10,10,10,10,10,10,10]","[[0,0,0,0],[0,0,0,0,0],[0,0,0,0,0,0,0,0,0],[0,0,0,0,0,0],[0,0,0],[0,0,0,0,0,0,0,0,0],[0,0],[0,0,0,0,0],[0,0,0],[0],[0,0,0,0],[0,0,0,0,0,0,0]]"
443,silver,silver,0,b884c1b6-2076-428d-9190-53fd385a79d5,0,,2025-02-05 13:08:49.465+00,560,"[0,0,0,0,0,0,0,0,0,0,0,0]","[[],[],[],[],[],[],[],[],[],[],[],[]]","[10,10,10,10,10,10,10,10,10,10,10,10]","[[1,1,0,0],[1,0,0,0,0],[0,0,0,0,0,0,0,0,0],[0,0,0,0,0,0],[0,0,0],[0,0,0,0,0,0,0,0,0],[0,0],[0,0,0,0,0],[0,0,0],[0],[0,0,0,0],[0,0,0,0,0,0,0]]"
446,qwertyuiop,7539514568520,0,edd87eca-60b3-404b-b0f6-521a3b6491c4,0,,2025-02-05 13:02:20.001+00,1060,"[0,0,0,0,0,0,0,0,0,0,0,0]","[[],[],[],[],[],[],[],[],[],[],[],[]]","[10,10,10,10,10,10,10,10,10,10,10,10]","[[1,0,0,0],[1,0,0,0,1],[0,0,0,0,0,0,0,0,0],[0,0,0,0,0,0],[0,0,0],[0,0,0,0,0,0,0,0,0],[0,0],[0,0,0,0,0],[0,0,0],[0],[0,0,0,0],[0,0,0,0,0,0,0]]"
447,resetursef,Caijiyyz132,1,09c7f7eb-d6b2-41ed-b359-6e9e5128e320,0,2025-02-05 14:37:24.699+00,2025-02-05 13:40:59.8+00,0,"[0,1,0,0,0,0,0,0,0,0,0,0]","[[],[""scale""],[],[],[],[],[],[],[],[],[],[]]","[10,9,10,10,10,10,10,10,10,10,10,10]","[[0,0,0,0],[0,0,0,0,0],[0,0,0,0,0,0,0,0,0],[0,0,0,0,0,0],[0,0,0],[0,0,0,0,0,0,0,0,0],[0,0],[0,0,0,0,0],[0,0,0],[0],[0,0,0,0],[0,0,0,0,0,0,0]]"
448,ÈòüÂêç,Â∞èÈòüÂØÜÈí•,0,04b1cc92-e2be-4b00-b460-a3a8d811c5ff,0,,2025-02-05 13:03:45.118+00,50,"[0,0,0,0,0,0,0,0,0,0,0,0]","[[],[],[],[],[],[],[],[],[],[],[],[]]","[10,10,10,10,10,10,10,10,10,10,10,10]","[[1,0,0,0],[0,0,0,0,0],[0,0,0,0,0,0,0,0,0],[0,0,0,0,0,0],[0,0,0],[0,0,0,0,0,0,0,0,0],[0,0],[0,0,0,0,0],[0,0,0],[0],[0,0,0,0],[0,0,0,0,0,0,0]]"
450,ËßÇÊúõÈòü,keqingawa,0,76978c1a-65a5-4f25-94ab-8b5b43d89c23,0,,2025-02-05 13:08:14.455+00,60,"[0,0,0,0,0,0,0,0,0,0,0,0]","[[""""],[""4""],[],[],[],[],[],[],[],[],[],[]]","[9,9,10,10,10,10,10,10,10,10,10,10]","[[1,0,0,0],[1,0,0,0,0],[0,0,0,0,0,0,0,0,0],[0,0,0,0,0,0],[0,0,0],[0,0,0,0,0,0,0,0,0],[0,0],[0,0,0,0,0],[0,0,0],[0],[0,0,0,0],[0,0,0,0,0,0,0]]"
452,BEAT,123456789wasd,1,f270eb11-838d-408c-9f01-3bfdd222cb13,0,2025-02-05 15:10:37.518+00,2025-02-05 13:05:59.328+00,1360,"[0,1,0,0,0,0,0,0,0,0,0,0]","[[],[""scale""],[""toegyero"",""eruptive"",""equalize""],[],[],[],[],[],[],[],[],[]]","[10,9,7,10,10,10,10,10,10,10,10,10]","[[1,1,0,0],[1,0,0,0,0],[1,0,0,0,0,0,1,0,0],[0,0,0,0,0,0],[0,0,0],[0,0,0,0,0,0,0,0,0],[0,0],[0,0,0,0,0],[0,0,0],[0],[0,0,0,0],[0,0,0,0,0,0,0]]"
454,Puzzle Connect,PlasticAlarm,0,e0578d58-aef0-40f2-9701-5f1ae4094c9a,0,,2025-02-05 13:03:16.115+00,0,"[0,0,0,0,0,0,0,0,0,0,0,0]","[[],[],[],[],[],[],[],[],[],[],[],[]]","[10,10,10,10,10,10,10,10,10,10,10,10]","[[0,0,0,0],[0,0,0,0,0],[0,0,0,0,0,0,0,0,0],[0,0,0,0,0,0],[0,0,0],[0,0,0,0,0,0,0,0,0],[0,0],[0,0,0,0,0],[0,0,0],[0],[0,0,0,0],[0,0,0,0,0,0,0]]"
455,admin,771104,0,2a1698e4-e73a-4477-a224-7e75c1cae15a,0,,2025-02-05 13:02:18.871+00,60,"[0,0,0,0,0,0,0,0,0,0,0,0]","[[""ÂÆâÊäöÂ••Ëµõ"",""plinasd"",""asdfzzzd"",""asd""],[],[],[],[],[],[],[],[],[],[],[]]","[6,10,10,10,10,10,10,10,10,10,10,10]","[[1,0,0,0],[1,0,0,0,0],[0,0,0,0,0,0,0,0,0],[0,0,0,0,0,0],[0,0,0],[0,0,0,0,0,0,0,0,0],[0,0],[0,0,0,0,0],[0,0,0],[0],[0,0,0,0],[0,0,0,0,0,0,0]]"
458,ÊõºÊ≥¢,manbo,0,7272473c-4863-4d44-9fd9-12c207c4e3fc,0,,2025-02-05 13:09:05.598+00,0,"[0,0,0,0,0,0,0,0,0,0,0,0]","[[],[],[],[],[],[],[],[],[],[],[],[]]","[10,10,10,10,10,10,10,10,10,10,10,10]","[[0,0,0,0],[0,0,0,0,0],[0,0,0,0,0,0,0,0,0],[0,0,0,0,0,0],[0,0,0],[0,0,0,0,0,0,0,0,0],[0,0],[0,0,0,0,0],[0,0,0],[0],[0,0,0,0],[0,0,0,0,0,0,0]]"
462,nihao,1234567,2,1b4ee53c-67b6-4315-a3a8-f88a5aa156ad,0,2025-02-05 13:52:45.984+00,2025-02-05 13:08:26.346+00,0,"[1,0,1,0,0,0,0,0,0,0,0,0]","[[""plains""],[""plains""],[""teletype"",""celltype""],[],[],[],[],[],[],[],[],[]]","[9,9,8,10,10,10,10,10,10,10,10,10]","[[0,0,0,0],[0,0,0,0,0],[0,0,0,0,0,0,0,0,0],[0,0,0,0,0,0],[0,0,0],[0,0,0,0,0,0,0,0,0],[0,0],[0,0,0,0,0],[0,0,0],[0],[0,0,0,0],[0,0,0,0,0,0,0]]"
464,Cornsnaky,Cornsnaky,0,9084a911-222f-4fb9-b564-06c958652ad3,0,,2025-02-05 13:09:43.457+00,0,"[0,0,0,0,0,0,0,0,0,0,0,0]","[[],[],[],[],[],[],[],[],[],[],[],[]]","[10,10,10,10,10,10,10,10,10,10,10,10]","[[0,0,0,0],[0,0,0,0,0],[0,0,0,0,0,0,0,0,0],[0,0,0,0,0,0],[0,0,0],[0,0,0,0,0,0,0,0,0],[0,0],[0,0,0,0,0],[0,0,0],[0],[0,0,0,0],[0,0,0,0,0,0,0]]"
466,511215111215112151112151121511121,123456789asdfghjkl,0,2e4c130e-05b0-44db-90c9-c2901106d5da,0,,2025-02-05 13:10:06.815+00,0,"[0,0,0,0,0,0,0,0,0,0,0,0]","[[],[],[],[],[],[],[],[],[],[],[],[]]","[10,10,10,10,10,10,10,10,10,10,10,10]","[[0,0,0,0],[0,0,0,0,0],[0,0,0,0,0,0,0,0,0],[0,0,0,0,0,0],[0,0,0],[0,0,0,0,0,0,0,0,0],[0,0],[0,0,0,0,0],[0,0,0],[0],[0,0,0,0],[0,0,0,0,0,0,0]]"
467,STDF,STDF345,0,610ef8df-fcef-4798-86f8-3542215412a2,0,,2025-02-05 13:28:15.168+00,0,"[0,0,0,0,0,0,0,0,0,0,0,0]","[[],[],[],[],[],[],[],[],[],[],[],[]]","[10,10,10,10,10,10,10,10,10,10,10,10]","[[0,0,0,0],[0,0,0,0,0],[0,0,0,0,0,0,0,0,0],[0,0,0,0,0,0],[0,0,0],[0,0,0,0,0,0,0,0,0],[0,0],[0,0,0,0,0],[0,0,0],[0],[0,0,0,0],[0,0,0,0,0,0,0]]"
468,MYGO!!!!!,crychic,6,4150ce96-49fc-4fc2-b798-ec2102b9f730,2,2025-02-05 15:22:23+00,2025-02-05 13:29:06.32+00,600,"[0,1,1,0,1,1,1,1,1,1,0,0]","[[],[""scale""],[""teletype"",""telltype"",""cell type"",""celltype""],[],[""memorial""],[""diverse""],[""TESTIFY"",""testify""],[""forever""],[""unique""],[""infer""],[],[]]","[10,9,6,10,9,9,8,9,9,9,10,10]","[[0,0,0,0],[0,0,0,0,0],[0,0,0,0,0,0,0,0,0],[1,0,1,0,0,0],[0,0,0],[0,0,0,0,0,0,0,0,0],[0,0],[0,0,0,0,0],[0,0,0],[0],[0,1,0,0],[0,0,0,0,0,0,0]]"
469,√âquinox,solstice d'√©t√©,2,1f85b5b1-9ca1-4a84-a1c1-7f3ef7d7de36,0,2025-02-05 14:23:22+00,2025-02-05 13:36:20.012+00,1610,"[1,1,0,0,0,0,0,0,0,0,0,0]","[[""plains""],[""scale""],[],[],[],[],[],[],[],[],[],[]]","[9,9,10,10,10,10,10,10,10,10,10,10]","[[0,0,0,0],[1,0,1,1,0],[0,0,0,0,0,0,0,0,0],[1,0,0,0,0,0],[0,0,0],[0,0,0,0,0,0,0,0,0],[0,0],[0,0,0,0,0],[0,0,0],[0],[0,0,0,0],[0,0,0,0,0,0,0]]"
472,"  "," ",0,007d4182-1397-43db-8962-4523248203ae,0,,,0,"[0,0,0,0,0,0,0,0,0,0,0,0]","[[],[],[],[],[],[],[],[],[],[],[],[]]","[10,10,10,10,10,10,10,10,10,10,10,10]","[[0,0,0,0],[0,0,0,0,0],[0,0,0,0,0,0,0,0,0],[0,0,0,0,0,0],[0,0,0],[0,0,0,0,0,0,0,0,0],[0,0],[0,0,0,0,0],[0,0,0],[0],[0,0,0,0],[0,0,0,0,0,0,0]]"
473,Bluecoin,bluecoin,0,6499dbd4-714a-4775-8e15-ede7ff8b74a0,0,,2025-02-05 13:37:29.09+00,0,"[0,0,0,0,0,0,0,0,0,0,0,0]","[[],[],[],[],[],[],[],[],[],[],[],[]]","[10,10,10,10,10,10,10,10,10,10,10,10]","[[0,0,0,0],[0,0,0,0,0],[0,0,0,0,0,0,0,0,0],[0,0,0,0,0,0],[0,0,0],[0,0,0,0,0,0,0,0,0],[0,0],[0,0,0,0,0],[0,0,0],[0],[0,0,0,0],[0,0,0,0,0,0,0]]"
475,Áåú‰∏çÈòü,sleeping,0,57c62655-f24e-4a26-a0c2-865238bc39e2,0,,2025-02-05 13:39:05.708+00,50,"[0,0,0,0,0,0,0,0,0,0,0,0]","[[],[],[],[],[],[],[],[],[],[],[],[]]","[10,10,10,10,10,10,10,10,10,10,10,10]","[[1,0,0,0],[0,0,0,0,0],[0,0,0,0,0,0,0,0,0],[0,0,0,0,0,0],[0,0,0],[0,0,0,0,0,0,0,0,0],[0,0],[0,0,0,0,0],[0,0,0],[0],[0,0,0,0],[0,0,0,0,0,0,0]]"
478,Ghett0Artist,20030922,0,a12950a4-8de6-4bf9-a255-5d72e308bc18,0,,2025-02-05 13:54:02.81+00,0,"[0,0,0,0,0,0,0,0,0,0,0,0]","[[],[],[],[],[],[],[],[],[],[],[],[]]","[10,10,10,10,10,10,10,10,10,10,10,10]","[[0,0,0,0],[0,0,0,0,0],[0,0,0,0,0,0,0,0,0],[0,0,0,0,0,0],[0,0,0],[0,0,0,0,0,0,0,0,0],[0,0],[0,0,0,0,0],[0,0,0],[0],[0,0,0,0],[0,0,0,0,0,0,0]]"
479,lslsls,LSLSLS,0,e2254fcd-696e-4681-9c96-ddfef7f0db25,0,,2025-02-05 14:05:59.187+00,50,"[0,0,0,0,0,0,0,0,0,0,0,0]","[[],[],[],[],[],[],[],[],[],[],[],[]]","[10,10,10,10,10,10,10,10,10,10,10,10]","[[1,0,0,0],[0,0,0,0,0],[0,0,0,0,0,0,0,0,0],[0,0,0,0,0,0],[0,0,0],[0,0,0,0,0,0,0,0,0],[0,0],[0,0,0,0,0],[0,0,0],[0],[0,0,0,0],[0,0,0,0,0,0,0]]"
480,Êê¨Á£ö,zj060414,0,456295f2-87a4-4672-a564-41a6d99266b0,0,,2025-02-05 14:34:52.254+00,10,"[0,0,0,0,0,0,0,0,0,0,0,0]","[[],[],[],[],[],[],[],[],[],[],[],[]]","[10,10,10,10,10,10,10,10,10,10,10,10]","[[0,0,0,0],[1,0,0,0,0],[0,0,0,0,0,0,0,0,0],[0,0,0,0,0,0],[0,0,0],[0,0,0,0,0,0,0,0,0],[0,0],[0,0,0,0,0],[0,0,0],[0],[0,0,0,0],[0,0,0,0,0,0,0]]"
482,IcedDog,IcedD0g,0,a34f7ca8-6a97-439a-a467-5822d1b16219,0,,2025-02-05 14:09:06.443+00,0,"[0,0,0,0,0,0,0,0,0,0,0,0]","[[],[],[],[],[],[],[],[],[],[],[],[]]","[10,10,10,10,10,10,10,10,10,10,10,10]","[[0,0,0,0],[0,0,0,0,0],[0,0,0,0,0,0,0,0,0],[0,0,0,0,0,0],[0,0,0],[0,0,0,0,0,0,0,0,0],[0,0],[0,0,0,0,0],[0,0,0],[0],[0,0,0,0],[0,0,0,0,0,0,0]]"
484,ËêåÊñ∞ÁúãÁúã,losttree,2,685f848e-d2d9-4965-bab2-5736355d55c4,1,2025-02-05 15:17:43.097+00,2025-02-05 14:10:29.869+00,600,"[0,1,1,0,0,0,0,0,0,1,0,0]","[[],[""scale""],[""celltype""],[],[],[],[],[],[],[""infer""],[],[]]","[10,9,9,10,10,10,10,10,10,9,10,10]","[[0,0,0,0],[0,0,0,0,0],[0,0,0,0,0,0,0,0,0],[0,0,0,1,0,0],[0,0,0],[0,0,0,0,0,0,0,0,0],[0,0],[0,0,0,0,0],[0,0,0],[0],[0,0,0,0],[0,0,0,0,0,0,0]]"
486,1,1,2,bc9df604-b0ba-4529-9373-b2fd93d7e8d2,0,2025-02-05 18:34:14.778+00,2025-02-05 14:29:39.252+00,1000,"[1,1,0,0,0,0,0,0,0,0,0,0]","[[""a season"",""hacking"",""plains""],[""scale""],[],[],[],[],[],[],[],[],[],[]]","[7,9,10,10,10,10,10,10,10,10,10,10]","[[0,0,1,0],[0,0,0,0,0],[0,0,0,0,0,0,0,0,0],[0,0,0,0,0,0],[0,0,0],[0,0,0,0,0,0,0,0,0],[0,0],[0,0,0,0,0],[0,0,0],[0],[0,0,0,0],[0,0,0,0,0,0,0]]"
487,ËÆ¢È¶ôËäãÂæíÊ≠•ËøêÂä®,BuyTaroHiking,1,fe5aeaab-b476-4c11-a9cf-3d7b6ef00087,0,2025-02-05 15:57:42+00,2025-02-05 15:13:07.96+00,50,"[0,1,0,0,0,0,0,0,0,0,0,0]","[[],[""scale""],[],[],[],[],[],[],[],[],[],[]]","[10,9,10,10,10,10,10,10,10,10,10,10]","[[1,0,0,0],[0,0,0,0,0],[0,0,0,0,0,0,0,0,0],[0,0,0,0,0,0],[0,0,0],[0,0,0,0,0,0,0,0,0],[0,0],[0,0,0,0,0],[0,0,0],[0],[0,0,0,0],[0,0,0,0,0,0,0]]"
488,Â§èÊ£ÆÂçó‰∏éÂêæË•øË•øÂò∂Âò∂Âò∂üêç,Snake,0,4b61dbad-a838-4795-a22f-7e5ce62d3252,0,,2025-02-05 14:35:52.845+00,0,"[0,0,0,0,0,0,0,0,0,0,0,0]","[[],[],[],[],[],[],[],[],[],[],[],[]]","[10,10,10,10,10,10,10,10,10,10,10,10]","[[0,0,0,0],[0,0,0,0,0],[0,0,0,0,0,0,0,0,0],[0,0,0,0,0,0],[0,0,0],[0,0,0,0,0,0,0,0,0],[0,0],[0,0,0,0,0],[0,0,0],[0],[0,0,0,0],[0,0,0,0,0,0,0]]"
489,1qz48i01d,5096,3,3bcced96-80b6-4947-b8dd-05adbbe881c8,1,2025-02-05 17:06:20.184+00,2025-02-05 14:39:28.363+00,150,"[0,1,1,0,1,0,0,0,0,1,0,0]","[[""ssmsmsm""],[""snake"",""scale""],[""celltype""],[],[""memorial""],[""nervous"",""vietnam"",""viewers""],[],[],[],[""mixup"",""fixup"",""intop"",""inapp"",""infer""],[],[]]","[9,8,9,10,9,7,10,10,10,5,10,10]","[[1,0,0,0],[0,0,0,0,0],[0,0,0,0,0,0,0,0,0],[1,0,0,0,0,0],[0,0,0],[0,1,0,0,0,0,0,0,0],[0,0],[0,0,0,0,0],[0,0,0],[0],[0,0,0,0],[0,0,0,0,0,0,0]]"
491,ÊñëÈ©¨,112233,0,a7f41ec3-1b3d-40d4-ae5b-010ec6a8a6d2,0,,,0,"[0,0,0,0,0,0,0,0,0,0,0,0]","[[],[],[],[],[],[],[],[],[],[],[],[]]","[10,10,10,10,10,10,10,10,10,10,10,10]","[[0,0,0,0],[0,0,0,0,0],[0,0,0,0,0,0,0,0,0],[0,0,0,0,0,0],[0,0,0],[0,0,0,0,0,0,0,0,0],[0,0],[0,0,0,0,0],[0,0,0],[0],[0,0,0,0],[0,0,0,0,0,0,0]]"
492,MMFC,xxlbiloveu,0,2ed8aaff-6b2c-4147-9452-842b48468969,0,,2025-02-05 14:55:00.675+00,0,"[0,0,0,0,0,0,0,0,0,0,0,0]","[[],[],[],[],[],[],[],[],[],[],[],[]]","[10,10,10,10,10,10,10,10,10,10,10,10]","[[0,0,0,0],[0,0,0,0,0],[0,0,0,0,0,0,0,0,0],[0,0,0,0,0,0],[0,0,0],[0,0,0,0,0,0,0,0,0],[0,0],[0,0,0,0,0],[0,0,0],[0],[0,0,0,0],[0,0,0,0,0,0,0]]"
493,xysdd,xys142857,2,907b53ee-1d74-4a67-964d-ba51133afc55,0,2025-02-05 15:54:56+00,2025-02-05 15:00:56.763+00,0,"[0,1,1,0,0,0,0,0,0,0,0,0]","[[],[""scale""],[""teletype"",""celltype""],[],[],[],[],[],[],[],[],[]]","[10,9,8,10,10,10,10,10,10,10,10,10]","[[0,0,0,0],[0,0,0,0,0],[0,0,0,0,0,0,0,0,0],[1,0,0,0,0,0],[0,0,0],[0,0,0,0,0,0,0,0,0],[0,0],[0,0,0,0,0],[0,0,0],[0],[0,0,0,0],[0,0,0,0,0,0,0]]"
495,unhurried,unhurried,0,4fbd7237-2691-4552-9e46-723b894f90be,0,,2025-02-05 15:07:19.423+00,50,"[0,0,0,0,0,0,0,0,0,0,0,0]","[[],[],[],[],[],[],[],[],[],[],[],[]]","[10,10,10,10,10,10,10,10,10,10,10,10]","[[1,0,0,0],[0,0,0,0,0],[0,0,0,0,0,0,0,0,0],[0,0,0,0,0,0],[0,0,0],[0,0,0,0,0,0,0,0,0],[0,0],[0,0,0,0,0],[0,0,0],[0],[0,0,0,0],[0,0,0,0,0,0,0]]"
496,dailycrazy,snake1412,0,57c6ba3f-b815-40e8-87fe-bc575d0b2f72,0,,2025-02-05 15:59:40.8+00,0,"[0,0,0,0,0,0,0,0,0,0,0,0]","[[],[],[],[],[],[],[],[],[],[],[],[]]","[10,10,10,10,10,10,10,10,10,10,10,10]","[[0,0,0,0],[0,0,0,0,0],[0,0,0,0,0,0,0,0,0],[0,0,0,0,0,0],[0,0,0],[0,0,0,0,0,0,0,0,0],[0,0],[0,0,0,0,0],[0,0,0],[0],[0,0,0,0],[0,0,0,0,0,0,0]]"
497,Ëß£‰∏çÂá∫Êù•Â∞±ÂÅö‰∏çÈòü,hxhxhx,0,47f820f6-67f4-440f-95f6-3bc08fe01084,0,,,0,"[0,0,0,0,0,0,0,0,0,0,0,0]","[[],[],[],[],[],[],[],[],[],[],[],[]]","[10,10,10,10,10,10,10,10,10,10,10,10]","[[0,0,0,0],[0,0,0,0,0],[0,0,0,0,0,0,0,0,0],[0,0,0,0,0,0],[0,0,0],[0,0,0,0,0,0,0,0,0],[0,0],[0,0,0,0,0],[0,0,0],[0],[0,0,0,0],[0,0,0,0,0,0,0]]"
498,‰ªÄ‰πàÊó∂ÂÄôÂèëpaper,666666,2,62bf6e20-a01d-4abc-afc5-172dce6e3a00,0,2025-02-05 18:18:51.612+00,2025-02-05 16:21:19.289+00,300,"[1,0,1,0,0,0,0,0,0,0,0,0]","[[""plains""],[],[""celltype""],[],[],[],[],[],[],[],[],[]]","[9,10,9,10,10,10,10,10,10,10,10,10]","[[0,0,0,0],[0,0,0,0,0],[1,0,0,0,0,0,0,0,0],[0,0,0,0,0,0],[0,0,0],[0,0,0,0,0,0,0,0,0],[0,0],[0,0,0,0,0],[0,0,0],[0],[0,0,0,0],[0,0,0,0,0,0,0]]"
499,Ê≥∞ÊãâËßÇÂÖâÂõ¢,arknights,0,5dae3031-e685-4e4b-b84f-9c1ca565ee1d,0,,2025-02-05 16:34:32.228+00,0,"[0,0,0,0,0,0,0,0,0,0,0,0]","[[],[],[],[],[],[],[],[],[],[],[],[]]","[10,10,10,10,10,10,10,10,10,10,10,10]","[[0,0,0,0],[0,0,0,0,0],[0,0,0,0,0,0,0,0,0],[0,0,0,0,0,0],[0,0,0],[0,0,0,0,0,0,0,0,0],[0,0],[0,0,0,0,0],[0,0,0],[0],[0,0,0,0],[0,0,0,0,0,0,0]]"
500,crs.tlt,celtageyr,4,0950ff4c-d070-4b15-b107-86d81cfd6155,1,2025-02-05 22:21:15.71+00,2025-02-05 17:30:20.496+00,550,"[1,0,1,1,1,0,0,0,0,1,0,0]","[[""plains""],[],[""celltype""],[""accede""],[""memorial""],[],[],[],[],[""inter"",""infer""],[],[]]","[9,10,9,9,9,10,10,10,10,8,10,10]","[[1,0,0,0],[0,0,0,0,0],[0,0,0,0,0,0,0,0,0],[1,0,0,0,0,0],[0,0,0],[1,1,0,0,0,0,0,0,0],[0,0],[0,0,0,0,0],[1,0,0],[0],[0,0,0,0],[0,0,0,0,0,0,0]]"
501,ÁâõÈ©¨Èòü,aveÊØçÈ∏°Âç°,0,8d750a91-a8f8-4fd1-91f0-df6e07e98270,0,,2025-02-05 17:32:54.169+00,0,"[0,0,0,0,0,0,0,0,0,0,0,0]","[[],[],[],[],[],[],[],[],[],[],[],[]]","[10,10,10,10,10,10,10,10,10,10,10,10]","[[0,0,0,0],[0,0,0,0,0],[0,0,0,0,0,0,0,0,0],[0,0,0,0,0,0],[0,0,0],[0,0,0,0,0,0,0,0,0],[0,0],[0,0,0,0,0],[0,0,0],[0],[0,0,0,0],[0,0,0,0,0,0,0]]"
502,‰∫ã‰ª∂Á∞ø,666,1,54136e6d-beac-449c-bfd4-c16374ebcf94,0,2025-02-05 19:04:10.699+00,2025-02-05 18:38:31.47+00,550,"[0,1,0,0,0,0,0,0,0,0,0,0]","[[],[""scale""],[""telotype"",""telltype"",""telltype"",""telotype"",""teletype""],[],[],[],[],[],[],[],[],[]]","[10,9,5,10,10,10,10,10,10,10,10,10]","[[1,0,0,0],[0,0,0,0,0],[0,0,0,1,0,0,0,0,0],[0,0,0,0,0,0],[0,0,0],[0,0,0,0,0,0,0,0,0],[0,0],[0,0,0,0,0],[0,0,0],[0],[0,0,0,0],[0,0,0,0,0,0,0]]"